process_entropy,number_of_traces,statespace_size,process_type,process_memory,med_ent_n_transitions,inter_arrival_time,process_stability_scale,resource_availability_p,resource_availability_n,resource_availability_m,activity_duration_lambda_range,Deterministic_offset_W,Deterministic_offset_u,model_pipeline,num_replications,RUN,Done,Failure,simuation_time_sec,num_traces,num_events,num_variants,avg_tracelen,min_tracelen,max_tracelen
min_entropy,500.0,5,memoryless,2.0,3.0,1.5,0.1,0.5,3.0,0.041,1.0,weekdays,7.0,False,0.0,1,0,0,0.47232985496520996,500,2500,1,5.0,5,5
med_entropy,500.0,5,memoryless,2.0,3.0,1.5,0.1,0.5,3.0,0.041,1.0,weekdays,7.0,False,0.0,2,0,0,0.5264668464660645,500,2889,295,5.778,1,39
max_entropy,500.0,5,memoryless,2.0,3.0,1.5,0.1,0.5,3.0,0.041,1.0,weekdays,7.0,False,0.0,3,0,0,0.5095806121826172,500,2818,340,5.636,1,36
min_entropy,500.0,10,memoryless,2.0,3.0,1.5,0.1,0.5,3.0,0.041,1.0,weekdays,7.0,False,0.0,4,0,0,0.7663459777832031,500,5000,1,10.0,10,10
med_entropy,500.0,10,memoryless,2.0,3.0,1.5,0.1,0.5,3.0,0.041,1.0,weekdays,7.0,False,0.0,5,0,0,0.6734802722930908,500,4199,371,8.398,1,59
max_entropy,500.0,10,memoryless,2.0,3.0,1.5,0.1,0.5,3.0,0.041,1.0,weekdays,7.0,False,0.0,6,0,0,0.8339033126831055,500,5441,440,10.882,1,76
min_entropy,500.0,5,memory,2.0,3.0,1.5,0.1,0.5,3.0,0.041,1.0,weekdays,7.0,False,0.0,7,0,0,0.5875570774078369,500,2500,1,5.0,5,5
med_entropy,500.0,5,memory,2.0,3.0,1.5,0.1,0.5,3.0,0.041,1.0,weekdays,7.0,False,0.0,8,0,0,2.3929762840270996,500,2457,281,4.914,1,36
max_entropy,500.0,5,memory,2.0,3.0,1.5,0.1,0.5,3.0,0.041,1.0,weekdays,7.0,False,0.0,9,0,0,2.4142961502075195,500,3030,348,6.06,1,31
min_entropy,500.0,10,memory,2.0,3.0,1.5,0.1,0.5,3.0,0.041,1.0,weekdays,7.0,False,0.0,10,0,0,1.6961569786071777,500,5000,1,10.0,10,10
med_entropy,500.0,10,memory,2.0,3.0,1.5,0.1,0.5,3.0,0.041,1.0,weekdays,7.0,False,0.0,11,0,0,1037.7198131084442,500,500,6,1.0,1,1
max_entropy,500.0,10,memory,2.0,3.0,1.5,0.1,0.5,3.0,0.041,1.0,weekdays,7.0,False,0.0,12,0,0,7.808566331863403,500,5776,458,11.552,1,91
min_entropy,500.0,5,memoryless,4.0,3.0,1.5,0.1,0.5,3.0,0.041,1.0,weekdays,7.0,False,0.0,13,0,0,1.0439918041229248,500,2500,1,5.0,5,5
med_entropy,500.0,5,memoryless,4.0,3.0,1.5,0.1,0.5,3.0,0.041,1.0,weekdays,7.0,False,0.0,14,0,0,0.8011233806610107,500,1542,193,3.084,1,16
max_entropy,500.0,5,memoryless,4.0,3.0,1.5,0.1,0.5,3.0,0.041,1.0,weekdays,7.0,False,0.0,15,0,0,1.1487889289855957,500,2908,353,5.816,1,31
min_entropy,500.0,10,memoryless,4.0,3.0,1.5,0.1,0.5,3.0,0.041,1.0,weekdays,7.0,False,0.0,16,0,0,1.6901564598083496,500,5000,1,10.0,10,10
med_entropy,500.0,10,memoryless,4.0,3.0,1.5,0.1,0.5,3.0,0.041,1.0,weekdays,7.0,False,0.0,17,0,0,1.67875337600708,500,4991,383,9.982,1,57
max_entropy,500.0,10,memoryless,4.0,3.0,1.5,0.1,0.5,3.0,0.041,1.0,weekdays,7.0,False,0.0,18,0,0,1.8307130336761475,500,5486,450,10.972,1,57
min_entropy,500.0,5,memory,4.0,3.0,1.5,0.1,0.5,3.0,0.041,1.0,weekdays,7.0,False,0.0,19,0,0,1.04268217086792,500,2500,1,5.0,5,5
med_entropy,500.0,5,memory,4.0,3.0,1.5,0.1,0.5,3.0,0.041,1.0,weekdays,7.0,False,0.0,20,0,0,26.827446460723877,500,3001,268,6.002,1,53
max_entropy,500.0,5,memory,4.0,3.0,1.5,0.1,0.5,3.0,0.041,1.0,weekdays,7.0,False,0.0,21,0,0,28.152849435806274,500,3277,383,6.554,1,35
min_entropy,500.0,10,memory,4.0,3.0,1.5,0.1,0.5,3.0,0.041,1.0,weekdays,7.0,False,0.0,22,0,0,1.699096918106079,500,5000,1,10.0,10,10
med_entropy,500.0,10,memory,4.0,3.0,1.5,0.1,0.5,3.0,0.041,1.0,weekdays,7.0,False,0.0,23,0,0,784.3474309444427,500,11569,411,23.138,1,96
max_entropy,500.0,10,memory,4.0,3.0,1.5,0.1,0.5,3.0,0.041,1.0,weekdays,7.0,False,0.0,24,0,0,462.5431327819824,500,5469,454,10.938,1,52
min_entropy,500.0,5,memoryless,2.0,5.0,1.5,0.1,0.5,3.0,0.041,1.0,weekdays,7.0,False,0.0,25,0,0,1.045482873916626,500,2500,1,5.0,5,5
med_entropy,500.0,5,memoryless,2.0,5.0,1.5,0.1,0.5,3.0,0.041,1.0,weekdays,7.0,False,0.0,26,0,0,1.048959493637085,500,2521,281,5.042,1,25
max_entropy,500.0,5,memoryless,2.0,5.0,1.5,0.1,0.5,3.0,0.041,1.0,weekdays,7.0,False,0.0,27,0,0,1.1845500469207764,500,3017,371,6.034,1,35
min_entropy,500.0,10,memoryless,2.0,5.0,1.5,0.1,0.5,3.0,0.041,1.0,weekdays,7.0,False,0.0,28,0,0,1.702521562576294,500,5000,1,10.0,10,10
med_entropy,500.0,10,memoryless,2.0,5.0,1.5,0.1,0.5,3.0,0.041,1.0,weekdays,7.0,False,0.0,29,0,0,1.3012661933898926,500,3409,350,6.818,1,36
max_entropy,500.0,10,memoryless,2.0,5.0,1.5,0.1,0.5,3.0,0.041,1.0,weekdays,7.0,False,0.0,30,0,0,1.878213882446289,500,5720,438,11.44,1,119
min_entropy,500.0,5,memory,2.0,5.0,1.5,0.1,0.5,3.0,0.041,1.0,weekdays,7.0,False,0.0,31,0,0,1.055912971496582,500,2500,1,5.0,5,5
med_entropy,500.0,5,memory,2.0,5.0,1.5,0.1,0.5,3.0,0.041,1.0,weekdays,7.0,False,0.0,32,0,0,2.5374696254730225,500,2815,326,5.63,1,38
max_entropy,500.0,5,memory,2.0,5.0,1.5,0.1,0.5,3.0,0.041,1.0,weekdays,7.0,False,0.0,33,0,0,2.5588271617889404,500,2717,329,5.434,1,37
min_entropy,500.0,10,memory,2.0,5.0,1.5,0.1,0.5,3.0,0.041,1.0,weekdays,7.0,False,0.0,34,0,0,1.6906843185424805,500,5000,1,10.0,10,10
med_entropy,500.0,10,memory,2.0,5.0,1.5,0.1,0.5,3.0,0.041,1.0,weekdays,7.0,False,0.0,35,0,0,7.548865556716919,500,6050,405,12.1,1,80
max_entropy,500.0,10,memory,2.0,5.0,1.5,0.1,0.5,3.0,0.041,1.0,weekdays,7.0,False,0.0,36,0,0,7.336323261260986,500,6068,464,12.136,1,58
min_entropy,500.0,5,memoryless,4.0,5.0,1.5,0.1,0.5,3.0,0.041,1.0,weekdays,7.0,False,0.0,37,0,0,1.0490097999572754,500,2500,1,5.0,5,5
med_entropy,500.0,5,memoryless,4.0,5.0,1.5,0.1,0.5,3.0,0.041,1.0,weekdays,7.0,False,0.0,38,0,0,1.2168331146240234,500,3186,321,6.372,1,51
max_entropy,500.0,5,memoryless,4.0,5.0,1.5,0.1,0.5,3.0,0.041,1.0,weekdays,7.0,False,0.0,39,0,0,1.1954762935638428,500,2988,352,5.976,1,48
min_entropy,500.0,10,memoryless,4.0,5.0,1.5,0.1,0.5,3.0,0.041,1.0,weekdays,7.0,False,0.0,40,0,0,1.6802234649658203,500,5000,1,10.0,10,10
med_entropy,500.0,10,memoryless,4.0,5.0,1.5,0.1,0.5,3.0,0.041,1.0,weekdays,7.0,False,0.0,41,0,0,1.0156841278076172,500,2372,300,4.744,1,26
max_entropy,500.0,10,memoryless,4.0,5.0,1.5,0.1,0.5,3.0,0.041,1.0,weekdays,7.0,False,0.0,42,0,0,1.8038935661315918,500,5438,451,10.876,1,67
min_entropy,500.0,5,memory,4.0,5.0,1.5,0.1,0.5,3.0,0.041,1.0,weekdays,7.0,False,0.0,43,0,0,1.0400197505950928,500,2500,1,5.0,5,5
med_entropy,500.0,5,memory,4.0,5.0,1.5,0.1,0.5,3.0,0.041,1.0,weekdays,7.0,False,0.0,44,0,0,26.294522523880005,500,3058,277,6.116,1,31
max_entropy,500.0,5,memory,4.0,5.0,1.5,0.1,0.5,3.0,0.041,1.0,weekdays,7.0,False,0.0,45,0,0,34.87046408653259,500,2955,343,5.91,1,47
min_entropy,500.0,10,memory,4.0,5.0,1.5,0.1,0.5,3.0,0.041,1.0,weekdays,7.0,False,0.0,46,0,0,1.7303853034973145,500,5000,1,10.0,10,10
med_entropy,500.0,10,memory,4.0,5.0,1.5,0.1,0.5,3.0,0.041,1.0,weekdays,7.0,False,0.0,47,0,0,411.7162435054779,500,5065,400,10.13,1,49
max_entropy,500.0,10,memory,4.0,5.0,1.5,0.1,0.5,3.0,0.041,1.0,weekdays,7.0,False,0.0,48,0,0,416.92776584625244,500,5437,465,10.874,1,66
min_entropy,500.0,5,memoryless,2.0,3.0,1.5,0.1,0.5,3.0,0.041,5.0,weekdays,7.0,False,0.0,49,0,0,1.0380339622497559,500,2500,1,5.0,5,5
med_entropy,500.0,5,memoryless,2.0,3.0,1.5,0.1,0.5,3.0,0.041,5.0,weekdays,7.0,False,0.0,50,0,0,1.0146896839141846,500,2355,259,4.71,1,25
max_entropy,500.0,5,memoryless,2.0,3.0,1.5,0.1,0.5,3.0,0.041,5.0,weekdays,7.0,False,0.0,51,0,0,1.1815695762634277,500,3010,357,6.02,1,32
min_entropy,500.0,10,memoryless,2.0,3.0,1.5,0.1,0.5,3.0,0.041,5.0,weekdays,7.0,False,0.0,52,0,0,1.713498830795288,500,5000,1,10.0,10,10
med_entropy,500.0,10,memoryless,2.0,3.0,1.5,0.1,0.5,3.0,0.041,5.0,weekdays,7.0,False,0.0,53,0,0,1.1309099197387695,500,2806,328,5.612,1,39
max_entropy,500.0,10,memoryless,2.0,3.0,1.5,0.1,0.5,3.0,0.041,5.0,weekdays,7.0,False,0.0,54,0,0,1.7969772815704346,500,5374,450,10.748,1,82
min_entropy,500.0,5,memory,2.0,3.0,1.5,0.1,0.5,3.0,0.041,5.0,weekdays,7.0,False,0.0,55,0,0,1.0539264678955078,500,2500,1,5.0,5,5
med_entropy,500.0,5,memory,2.0,3.0,1.5,0.1,0.5,3.0,0.041,5.0,weekdays,7.0,False,0.0,56,0,0,2.397336959838867,500,1711,200,3.422,1,17
max_entropy,500.0,5,memory,2.0,3.0,1.5,0.1,0.5,3.0,0.041,5.0,weekdays,7.0,False,0.0,57,0,0,2.6695828437805176,500,2968,336,5.936,1,45
min_entropy,500.0,10,memory,2.0,3.0,1.5,0.1,0.5,3.0,0.041,5.0,weekdays,7.0,False,0.0,58,0,0,1.6892039775848389,500,5000,1,10.0,10,10
med_entropy,500.0,10,memory,2.0,3.0,1.5,0.1,0.5,3.0,0.041,5.0,weekdays,7.0,False,0.0,59,0,0,6.907639026641846,500,3966,380,7.932,1,44
max_entropy,500.0,10,memory,2.0,3.0,1.5,0.1,0.5,3.0,0.041,5.0,weekdays,7.0,False,0.0,60,0,0,7.406292200088501,500,5094,448,10.188,1,62
min_entropy,500.0,5,memoryless,4.0,3.0,1.5,0.1,0.5,3.0,0.041,5.0,weekdays,7.0,False,0.0,61,0,0,1.0450396537780762,500,2500,1,5.0,5,5
med_entropy,500.0,5,memoryless,4.0,3.0,1.5,0.1,0.5,3.0,0.041,5.0,weekdays,7.0,False,0.0,62,0,0,1.120976209640503,500,2804,299,5.608,1,49
max_entropy,500.0,5,memoryless,4.0,3.0,1.5,0.1,0.5,3.0,0.041,5.0,weekdays,7.0,False,0.0,63,0,0,1.1247897148132324,500,2826,347,5.652,1,33
min_entropy,500.0,10,memoryless,4.0,3.0,1.5,0.1,0.5,3.0,0.041,5.0,weekdays,7.0,False,0.0,64,0,0,1.6946260929107666,500,5000,1,10.0,10,10
med_entropy,500.0,10,memoryless,4.0,3.0,1.5,0.1,0.5,3.0,0.041,5.0,weekdays,7.0,False,0.0,65,0,0,1.347456693649292,500,3635,368,7.27,1,49
max_entropy,500.0,10,memoryless,4.0,3.0,1.5,0.1,0.5,3.0,0.041,5.0,weekdays,7.0,False,0.0,66,0,0,1.8456871509552002,500,5581,442,11.162,1,93
min_entropy,500.0,5,memory,4.0,3.0,1.5,0.1,0.5,3.0,0.041,5.0,weekdays,7.0,False,0.0,67,0,0,1.0549192428588867,500,2500,1,5.0,5,5
med_entropy,500.0,5,memory,4.0,3.0,1.5,0.1,0.5,3.0,0.041,5.0,weekdays,7.0,False,0.0,68,0,0,38.23787307739258,500,1979,251,3.958,1,14
max_entropy,500.0,5,memory,4.0,3.0,1.5,0.1,0.5,3.0,0.041,5.0,weekdays,7.0,False,0.0,69,0,0,29.174750328063965,500,3112,364,6.224,1,38
min_entropy,500.0,10,memory,4.0,3.0,1.5,0.1,0.5,3.0,0.041,5.0,weekdays,7.0,False,0.0,70,0,0,1.6891632080078125,500,5000,1,10.0,10,10
med_entropy,500.0,10,memory,4.0,3.0,1.5,0.1,0.5,3.0,0.041,5.0,weekdays,7.0,False,0.0,71,0,0,496.5969476699829,500,6175,417,12.35,1,86
max_entropy,500.0,10,memory,4.0,3.0,1.5,0.1,0.5,3.0,0.041,5.0,weekdays,7.0,False,0.0,72,0,0,508.1594588756561,500,5632,439,11.264,1,75
min_entropy,500.0,5,memoryless,2.0,5.0,1.5,0.1,0.5,3.0,0.041,5.0,weekdays,7.0,False,0.0,73,0,0,1.0464766025543213,500,2500,1,5.0,5,5
med_entropy,500.0,5,memoryless,2.0,5.0,1.5,0.1,0.5,3.0,0.041,5.0,weekdays,7.0,False,0.0,74,0,0,0.9804203510284424,500,2199,243,4.398,1,18
max_entropy,500.0,5,memoryless,2.0,5.0,1.5,0.1,0.5,3.0,0.041,5.0,weekdays,7.0,False,0.0,75,0,0,1.1358766555786133,500,2857,352,5.714,1,36
min_entropy,500.0,10,memoryless,2.0,5.0,1.5,0.1,0.5,3.0,0.041,5.0,weekdays,7.0,False,0.0,76,0,0,1.7030694484710693,500,5000,1,10.0,10,10
med_entropy,500.0,10,memoryless,2.0,5.0,1.5,0.1,0.5,3.0,0.041,5.0,weekdays,7.0,False,0.0,77,0,0,1.268486499786377,500,3310,336,6.62,1,44
max_entropy,500.0,10,memoryless,2.0,5.0,1.5,0.1,0.5,3.0,0.041,5.0,weekdays,7.0,False,0.0,78,0,0,1.7298901081085205,500,5136,455,10.272,1,88
min_entropy,500.0,5,memory,2.0,5.0,1.5,0.1,0.5,3.0,0.041,5.0,weekdays,7.0,False,0.0,79,0,0,1.0578999519348145,500,2500,1,5.0,5,5
med_entropy,500.0,5,memory,2.0,5.0,1.5,0.1,0.5,3.0,0.041,5.0,weekdays,7.0,False,0.0,80,0,0,2.559182643890381,500,2301,234,4.602,1,26
max_entropy,500.0,5,memory,2.0,5.0,1.5,0.1,0.5,3.0,0.041,5.0,weekdays,7.0,False,0.0,81,0,0,2.4411160945892334,500,2186,288,4.372,1,26
min_entropy,500.0,10,memory,2.0,5.0,1.5,0.1,0.5,3.0,0.041,5.0,weekdays,7.0,False,0.0,82,0,0,1.698641061782837,500,5000,1,10.0,10,10
med_entropy,500.0,10,memory,2.0,5.0,1.5,0.1,0.5,3.0,0.041,5.0,weekdays,7.0,False,0.0,83,0,0,7.113755941390991,500,8216,444,16.432,1,88
max_entropy,500.0,10,memory,2.0,5.0,1.5,0.1,0.5,3.0,0.041,5.0,weekdays,7.0,False,0.0,84,0,0,7.240903615951538,500,5702,454,11.404,1,64
min_entropy,500.0,5,memoryless,4.0,5.0,1.5,0.1,0.5,3.0,0.041,5.0,weekdays,7.0,False,0.0,85,0,0,1.045483112335205,500,2500,1,5.0,5,5
med_entropy,500.0,5,memoryless,4.0,5.0,1.5,0.1,0.5,3.0,0.041,5.0,weekdays,7.0,False,0.0,86,0,0,0.9252898693084717,500,2072,273,4.144,1,24
max_entropy,500.0,5,memoryless,4.0,5.0,1.5,0.1,0.5,3.0,0.041,5.0,weekdays,7.0,False,0.0,87,0,0,1.1602129936218262,500,2950,358,5.9,1,38
min_entropy,500.0,10,memoryless,4.0,5.0,1.5,0.1,0.5,3.0,0.041,5.0,weekdays,7.0,False,0.0,88,0,0,1.7124691009521484,500,5000,1,10.0,10,10
med_entropy,500.0,10,memoryless,4.0,5.0,1.5,0.1,0.5,3.0,0.041,5.0,weekdays,7.0,False,0.0,89,0,0,2.0745761394500732,500,6471,407,12.942,1,85
max_entropy,500.0,10,memoryless,4.0,5.0,1.5,0.1,0.5,3.0,0.041,5.0,weekdays,7.0,False,0.0,90,0,0,1.8624999523162842,500,5618,462,11.236,1,84
min_entropy,500.0,5,memory,4.0,5.0,1.5,0.1,0.5,3.0,0.041,5.0,weekdays,7.0,False,0.0,91,0,0,1.0415096282958984,500,2500,1,5.0,5,5
med_entropy,500.0,5,memory,4.0,5.0,1.5,0.1,0.5,3.0,0.041,5.0,weekdays,7.0,False,0.0,92,0,0,29.345545768737793,500,2148,254,4.296,1,23
max_entropy,500.0,5,memory,4.0,5.0,1.5,0.1,0.5,3.0,0.041,5.0,weekdays,7.0,False,0.0,93,0,0,26.533916234970093,500,2988,344,5.976,1,31
min_entropy,500.0,10,memory,4.0,5.0,1.5,0.1,0.5,3.0,0.041,5.0,weekdays,7.0,False,0.0,94,0,0,1.6921436786651611,500,5000,1,10.0,10,10
med_entropy,500.0,10,memory,4.0,5.0,1.5,0.1,0.5,3.0,0.041,5.0,weekdays,7.0,False,0.0,95,0,0,467.5549783706665,500,3941,396,7.882,1,35
max_entropy,500.0,10,memory,4.0,5.0,1.5,0.1,0.5,3.0,0.041,5.0,weekdays,7.0,False,0.0,96,0,0,495.355694770813,500,4968,440,9.936,1,87
min_entropy,500.0,5,memoryless,2.0,3.0,1.5,0.1,0.5,3.0,0.041,1.0,weekdays,7.0,False,1.0,97,0,0,1.033545732498169,500,2500,1,5.0,5,5
med_entropy,500.0,5,memoryless,2.0,3.0,1.5,0.1,0.5,3.0,0.041,1.0,weekdays,7.0,False,1.0,98,0,0,0.9054226875305176,500,1957,261,3.914,1,21
max_entropy,500.0,5,memoryless,2.0,3.0,1.5,0.1,0.5,3.0,0.041,1.0,weekdays,7.0,False,1.0,99,0,0,1.1939857006072998,500,3070,370,6.14,1,30
min_entropy,500.0,10,memoryless,2.0,3.0,1.5,0.1,0.5,3.0,0.041,1.0,weekdays,7.0,False,1.0,100,0,0,1.689695119857788,500,5000,1,10.0,10,10
med_entropy,500.0,10,memoryless,2.0,3.0,1.5,0.1,0.5,3.0,0.041,1.0,weekdays,7.0,False,1.0,101,0,0,1.249504566192627,500,3286,350,6.572,1,54
max_entropy,500.0,10,memoryless,2.0,3.0,1.5,0.1,0.5,3.0,0.041,1.0,weekdays,7.0,False,1.0,102,0,0,1.9434564113616943,500,5946,459,11.892,1,76
min_entropy,500.0,5,memory,2.0,3.0,1.5,0.1,0.5,3.0,0.041,1.0,weekdays,7.0,False,1.0,103,0,0,1.060880184173584,500,2500,1,5.0,5,5
med_entropy,500.0,5,memory,2.0,3.0,1.5,0.1,0.5,3.0,0.041,1.0,weekdays,7.0,False,1.0,104,0,0,2.591679096221924,500,2418,276,4.836,1,34
max_entropy,500.0,5,memory,2.0,3.0,1.5,0.1,0.5,3.0,0.041,1.0,weekdays,7.0,False,1.0,105,0,0,2.3790323734283447,500,3787,398,7.574,1,53
min_entropy,500.0,10,memory,2.0,3.0,1.5,0.1,0.5,3.0,0.041,1.0,weekdays,7.0,False,1.0,106,0,0,1.6921429634094238,500,5000,1,10.0,10,10
med_entropy,500.0,10,memory,2.0,3.0,1.5,0.1,0.5,3.0,0.041,1.0,weekdays,7.0,False,1.0,107,0,0,6.908174991607666,500,4882,414,9.764,1,50
max_entropy,500.0,10,memory,2.0,3.0,1.5,0.1,0.5,3.0,0.041,1.0,weekdays,7.0,False,1.0,108,0,0,7.396374464035034,500,5036,456,10.072,1,79
min_entropy,500.0,5,memoryless,4.0,3.0,1.5,0.1,0.5,3.0,0.041,1.0,weekdays,7.0,False,1.0,109,0,0,1.0469727516174316,500,2500,1,5.0,5,5
med_entropy,500.0,5,memoryless,4.0,3.0,1.5,0.1,0.5,3.0,0.041,1.0,weekdays,7.0,False,1.0,110,0,0,1.0653502941131592,500,2602,304,5.204,1,26
max_entropy,500.0,5,memoryless,4.0,3.0,1.5,0.1,0.5,3.0,0.041,1.0,weekdays,7.0,False,1.0,111,0,0,1.1587231159210205,500,2989,358,5.978,1,53
min_entropy,500.0,10,memoryless,4.0,3.0,1.5,0.1,0.5,3.0,0.041,1.0,weekdays,7.0,False,1.0,112,0,0,1.6946260929107666,500,5000,1,10.0,10,10
med_entropy,500.0,10,memoryless,4.0,3.0,1.5,0.1,0.5,3.0,0.041,1.0,weekdays,7.0,False,1.0,113,0,0,1.5121970176696777,500,4326,393,8.652,1,46
max_entropy,500.0,10,memoryless,4.0,3.0,1.5,0.1,0.5,3.0,0.041,1.0,weekdays,7.0,False,1.0,114,0,0,1.7135002613067627,500,4956,430,9.912,1,62
min_entropy,500.0,5,memory,4.0,3.0,1.5,0.1,0.5,3.0,0.041,1.0,weekdays,7.0,False,1.0,115,0,0,1.0469729900360107,500,2500,1,5.0,5,5
med_entropy,500.0,5,memory,4.0,3.0,1.5,0.1,0.5,3.0,0.041,1.0,weekdays,7.0,False,1.0,116,0,0,28.151062965393066,500,5894,361,11.788,1,65
max_entropy,500.0,5,memory,4.0,3.0,1.5,0.1,0.5,3.0,0.041,1.0,weekdays,7.0,False,1.0,117,0,0,30.410398244857788,500,2802,308,5.604,1,38
min_entropy,500.0,10,memory,4.0,3.0,1.5,0.1,0.5,3.0,0.041,1.0,weekdays,7.0,False,1.0,118,0,0,1.687699556350708,500,5000,1,10.0,10,10
med_entropy,500.0,10,memory,4.0,3.0,1.5,0.1,0.5,3.0,0.041,1.0,weekdays,7.0,False,1.0,119,0,0,423.7495572566986,500,3597,400,7.194,1,32
max_entropy,500.0,10,memory,4.0,3.0,1.5,0.1,0.5,3.0,0.041,1.0,weekdays,7.0,False,1.0,120,0,0,452.2250406742096,500,6054,469,12.108,1,75
min_entropy,500.0,5,memoryless,2.0,5.0,1.5,0.1,0.5,3.0,0.041,1.0,weekdays,7.0,False,1.0,121,0,0,1.0405151844024658,500,2500,1,5.0,5,5
med_entropy,500.0,5,memoryless,2.0,5.0,1.5,0.1,0.5,3.0,0.041,1.0,weekdays,7.0,False,1.0,122,0,0,0.9918434619903564,500,2286,287,4.572,1,29
max_entropy,500.0,5,memoryless,2.0,5.0,1.5,0.1,0.5,3.0,0.041,1.0,weekdays,7.0,False,1.0,123,0,0,1.1676628589630127,500,3015,347,6.03,1,41
min_entropy,500.0,10,memoryless,2.0,5.0,1.5,0.1,0.5,3.0,0.041,1.0,weekdays,7.0,False,1.0,124,0,0,1.6981031894683838,500,5000,1,10.0,10,10
med_entropy,500.0,10,memoryless,2.0,5.0,1.5,0.1,0.5,3.0,0.041,1.0,weekdays,7.0,False,1.0,125,0,0,1.5550639629364014,500,4489,393,8.978,1,69
max_entropy,500.0,10,memoryless,2.0,5.0,1.5,0.1,0.5,3.0,0.041,1.0,weekdays,7.0,False,1.0,126,0,0,1.8630943298339844,500,5662,448,11.324,1,76
min_entropy,500.0,5,memory,2.0,5.0,1.5,0.1,0.5,3.0,0.041,1.0,weekdays,7.0,False,1.0,127,0,0,1.0499522686004639,500,2500,1,5.0,5,5
med_entropy,500.0,5,memory,2.0,5.0,1.5,0.1,0.5,3.0,0.041,1.0,weekdays,7.0,False,1.0,128,0,0,2.6591720581054688,500,3615,338,7.23,1,63
max_entropy,500.0,5,memory,2.0,5.0,1.5,0.1,0.5,3.0,0.041,1.0,weekdays,7.0,False,1.0,129,0,0,2.8598060607910156,500,2803,341,5.606,1,29
min_entropy,500.0,10,memory,2.0,5.0,1.5,0.1,0.5,3.0,0.041,1.0,weekdays,7.0,False,1.0,130,0,0,1.7141571044921875,500,5000,1,10.0,10,10
med_entropy,500.0,10,memory,2.0,5.0,1.5,0.1,0.5,3.0,0.041,1.0,weekdays,7.0,False,1.0,131,0,0,7.1445488929748535,500,4530,381,9.06,1,72
max_entropy,500.0,10,memory,2.0,5.0,1.5,0.1,0.5,3.0,0.041,1.0,weekdays,7.0,False,1.0,132,0,0,6.991081476211548,500,6339,461,12.678,1,75
min_entropy,500.0,5,memoryless,4.0,5.0,1.5,0.1,0.5,3.0,0.041,1.0,weekdays,7.0,False,1.0,133,0,0,1.0474705696105957,500,2500,1,5.0,5,5
med_entropy,500.0,5,memoryless,4.0,5.0,1.5,0.1,0.5,3.0,0.041,1.0,weekdays,7.0,False,1.0,134,0,0,0.993333101272583,500,2294,280,4.588,1,27
max_entropy,500.0,5,memoryless,4.0,5.0,1.5,0.1,0.5,3.0,0.041,1.0,weekdays,7.0,False,1.0,135,0,0,1.1931123733520508,500,3125,367,6.25,1,41
min_entropy,500.0,10,memoryless,4.0,5.0,1.5,0.1,0.5,3.0,0.041,1.0,weekdays,7.0,False,1.0,136,0,0,1.6901566982269287,500,5000,1,10.0,10,10
med_entropy,500.0,10,memoryless,4.0,5.0,1.5,0.1,0.5,3.0,0.041,1.0,weekdays,7.0,False,1.0,137,0,0,1.0991230010986328,500,2711,329,5.422,1,34
max_entropy,500.0,10,memoryless,4.0,5.0,1.5,0.1,0.5,3.0,0.041,1.0,weekdays,7.0,False,1.0,138,0,0,1.786013126373291,500,5369,450,10.738,1,60
min_entropy,500.0,5,memory,4.0,5.0,1.5,0.1,0.5,3.0,0.041,1.0,weekdays,7.0,False,1.0,139,0,0,1.034059762954712,500,2500,1,5.0,5,5
med_entropy,500.0,5,memory,4.0,5.0,1.5,0.1,0.5,3.0,0.041,1.0,weekdays,7.0,False,1.0,140,0,0,23.926513195037842,500,4039,391,8.078,1,40
max_entropy,500.0,5,memory,4.0,5.0,1.5,0.1,0.5,3.0,0.041,1.0,weekdays,7.0,False,1.0,141,0,0,27.885842323303223,500,3110,368,6.22,1,40
min_entropy,500.0,10,memory,4.0,5.0,1.5,0.1,0.5,3.0,0.041,1.0,weekdays,7.0,False,1.0,142,0,0,1.695122480392456,500,5000,1,10.0,10,10
med_entropy,500.0,10,memory,4.0,5.0,1.5,0.1,0.5,3.0,0.041,1.0,weekdays,7.0,False,1.0,143,0,0,469.9841742515564,500,5715,369,11.43,1,79
max_entropy,500.0,10,memory,4.0,5.0,1.5,0.1,0.5,3.0,0.041,1.0,weekdays,7.0,False,1.0,144,0,0,456.37808322906494,500,5953,456,11.906,1,76
min_entropy,500.0,5,memoryless,2.0,3.0,1.5,0.1,0.5,3.0,0.041,5.0,weekdays,7.0,False,1.0,145,0,0,1.0410139560699463,500,2500,1,5.0,5,5
med_entropy,500.0,5,memoryless,2.0,3.0,1.5,0.1,0.5,3.0,0.041,5.0,weekdays,7.0,False,1.0,146,0,0,0.8204936981201172,500,1665,211,3.33,1,17
max_entropy,500.0,5,memoryless,2.0,3.0,1.5,0.1,0.5,3.0,0.041,5.0,weekdays,7.0,False,1.0,147,0,0,1.146803379058838,500,2913,348,5.826,1,45
min_entropy,500.0,10,memoryless,2.0,3.0,1.5,0.1,0.5,3.0,0.041,5.0,weekdays,7.0,False,1.0,148,0,0,1.6866796016693115,500,5000,1,10.0,10,10
med_entropy,500.0,10,memoryless,2.0,3.0,1.5,0.1,0.5,3.0,0.041,5.0,weekdays,7.0,False,1.0,149,0,0,1.5431427955627441,500,4447,381,8.894,1,58
max_entropy,500.0,10,memoryless,2.0,3.0,1.5,0.1,0.5,3.0,0.041,5.0,weekdays,7.0,False,1.0,150,0,0,1.7944562435150146,500,5376,459,10.752,1,51
min_entropy,500.0,5,memory,2.0,3.0,1.5,0.1,0.5,3.0,0.041,5.0,weekdays,7.0,False,1.0,151,0,0,1.0479671955108643,500,2500,1,5.0,5,5
med_entropy,500.0,5,memory,2.0,3.0,1.5,0.1,0.5,3.0,0.041,5.0,weekdays,7.0,False,1.0,152,0,0,2.8995397090911865,500,3944,289,7.888,1,81
max_entropy,500.0,5,memory,2.0,3.0,1.5,0.1,0.5,3.0,0.041,5.0,weekdays,7.0,False,1.0,153,0,0,2.6387856006622314,500,3052,372,6.104,1,40
min_entropy,500.0,10,memory,2.0,3.0,1.5,0.1,0.5,3.0,0.041,5.0,weekdays,7.0,False,1.0,154,0,0,1.6894702911376953,500,5000,1,10.0,10,10
med_entropy,500.0,10,memory,2.0,3.0,1.5,0.1,0.5,3.0,0.041,5.0,weekdays,7.0,False,1.0,155,0,0,8.615178346633911,500,9935,413,19.87,1,97
max_entropy,500.0,10,memory,2.0,3.0,1.5,0.1,0.5,3.0,0.041,5.0,weekdays,7.0,False,1.0,156,0,0,7.640956878662109,500,5805,458,11.61,1,65
min_entropy,500.0,5,memoryless,4.0,3.0,1.5,0.1,0.5,3.0,0.041,5.0,weekdays,7.0,False,1.0,157,0,0,1.0474698543548584,500,2500,1,5.0,5,5
med_entropy,500.0,5,memoryless,4.0,3.0,1.5,0.1,0.5,3.0,0.041,5.0,weekdays,7.0,False,1.0,158,0,0,0.9286601543426514,500,2050,242,4.1,1,40
max_entropy,500.0,5,memoryless,4.0,3.0,1.5,0.1,0.5,3.0,0.041,5.0,weekdays,7.0,False,1.0,159,0,0,1.2138524055480957,500,3135,368,6.27,1,28
min_entropy,500.0,10,memoryless,4.0,3.0,1.5,0.1,0.5,3.0,0.041,5.0,weekdays,7.0,False,1.0,160,0,0,1.6822097301483154,500,5000,1,10.0,10,10
med_entropy,500.0,10,memoryless,4.0,3.0,1.5,0.1,0.5,3.0,0.041,5.0,weekdays,7.0,False,1.0,161,0,0,1.520592212677002,500,4346,390,8.692,1,45
max_entropy,500.0,10,memoryless,4.0,3.0,1.5,0.1,0.5,3.0,0.041,5.0,weekdays,7.0,False,1.0,162,0,0,1.8346858024597168,500,5528,458,11.056,1,69
min_entropy,500.0,5,memory,4.0,3.0,1.5,0.1,0.5,3.0,0.041,5.0,weekdays,7.0,False,1.0,163,0,0,1.0395228862762451,500,2500,1,5.0,5,5
med_entropy,500.0,5,memory,4.0,3.0,1.5,0.1,0.5,3.0,0.041,5.0,weekdays,7.0,False,1.0,164,0,0,32.714619636535645,500,3178,337,6.356,1,27
max_entropy,500.0,5,memory,4.0,3.0,1.5,0.1,0.5,3.0,0.041,5.0,weekdays,7.0,False,1.0,165,0,0,46.75278449058533,500,3071,339,6.142,1,33
min_entropy,500.0,10,memory,4.0,3.0,1.5,0.1,0.5,3.0,0.041,5.0,weekdays,7.0,False,1.0,166,0,0,1.6973943710327148,500,5000,1,10.0,10,10
med_entropy,500.0,10,memory,4.0,3.0,1.5,0.1,0.5,3.0,0.041,5.0,weekdays,7.0,False,1.0,167,0,0,455.19467544555664,500,7513,426,15.026,1,96
max_entropy,500.0,10,memory,4.0,3.0,1.5,0.1,0.5,3.0,0.041,5.0,weekdays,7.0,False,1.0,168,0,0,460.4270603656769,500,5240,449,10.48,1,54
min_entropy,500.0,5,memoryless,2.0,5.0,1.5,0.1,0.5,3.0,0.041,5.0,weekdays,7.0,False,1.0,169,0,0,1.054919958114624,500,2500,1,5.0,5,5
med_entropy,500.0,5,memoryless,2.0,5.0,1.5,0.1,0.5,3.0,0.041,5.0,weekdays,7.0,False,1.0,170,0,0,0.9684996604919434,500,2187,272,4.374,1,21
max_entropy,500.0,5,memoryless,2.0,5.0,1.5,0.1,0.5,3.0,0.041,5.0,weekdays,7.0,False,1.0,171,0,0,1.23024320602417,500,3086,367,6.172,1,57
min_entropy,500.0,10,memoryless,2.0,5.0,1.5,0.1,0.5,3.0,0.041,5.0,weekdays,7.0,False,1.0,172,0,0,1.7139663696289062,500,5000,1,10.0,10,10
med_entropy,500.0,10,memoryless,2.0,5.0,1.5,0.1,0.5,3.0,0.041,5.0,weekdays,7.0,False,1.0,173,0,0,1.3027563095092773,500,3470,378,6.94,1,37
max_entropy,500.0,10,memoryless,2.0,5.0,1.5,0.1,0.5,3.0,0.041,5.0,weekdays,7.0,False,1.0,174,0,0,1.8130004405975342,500,5468,457,10.936,1,76
min_entropy,500.0,5,memory,2.0,5.0,1.5,0.1,0.5,3.0,0.041,5.0,weekdays,7.0,False,1.0,175,0,0,1.0588932037353516,500,2500,1,5.0,5,5
med_entropy,500.0,5,memory,2.0,5.0,1.5,0.1,0.5,3.0,0.041,5.0,weekdays,7.0,False,1.0,176,0,0,2.9670867919921875,500,2327,243,4.654,1,26
max_entropy,500.0,5,memory,2.0,5.0,1.5,0.1,0.5,3.0,0.041,5.0,weekdays,7.0,False,1.0,177,0,0,2.303102970123291,500,2870,343,5.74,1,28
min_entropy,500.0,10,memory,2.0,5.0,1.5,0.1,0.5,3.0,0.041,5.0,weekdays,7.0,False,1.0,178,0,0,1.6916468143463135,500,5000,1,10.0,10,10
med_entropy,500.0,10,memory,2.0,5.0,1.5,0.1,0.5,3.0,0.041,5.0,weekdays,7.0,False,1.0,179,0,0,6.851550102233887,500,3516,370,7.032,1,48
max_entropy,500.0,10,memory,2.0,5.0,1.5,0.1,0.5,3.0,0.041,5.0,weekdays,7.0,False,1.0,180,0,0,6.927166223526001,500,5127,457,10.254,1,70
min_entropy,500.0,5,memoryless,4.0,5.0,1.5,0.1,0.5,3.0,0.041,5.0,weekdays,7.0,False,1.0,181,0,0,1.0341150760650635,500,2500,1,5.0,5,5
med_entropy,500.0,5,memoryless,4.0,5.0,1.5,0.1,0.5,3.0,0.041,5.0,weekdays,7.0,False,1.0,182,0,0,1.2381889820098877,500,3257,322,6.514,1,45
max_entropy,500.0,5,memoryless,4.0,5.0,1.5,0.1,0.5,3.0,0.041,5.0,weekdays,7.0,False,1.0,183,0,0,1.183058738708496,500,2924,355,5.848,1,31
min_entropy,500.0,10,memoryless,4.0,5.0,1.5,0.1,0.5,3.0,0.041,5.0,weekdays,7.0,False,1.0,184,0,0,1.676774263381958,500,5000,1,10.0,10,10
med_entropy,500.0,10,memoryless,4.0,5.0,1.5,0.1,0.5,3.0,0.041,5.0,weekdays,7.0,False,1.0,185,0,0,1.484140157699585,500,4191,383,8.382,1,47
max_entropy,500.0,10,memoryless,4.0,5.0,1.5,0.1,0.5,3.0,0.041,5.0,weekdays,7.0,False,1.0,186,0,0,1.8307127952575684,500,5477,464,10.954,1,60
min_entropy,500.0,5,memory,4.0,5.0,1.5,0.1,0.5,3.0,0.041,5.0,weekdays,7.0,False,1.0,187,0,0,1.036543607711792,500,2500,1,5.0,5,5
med_entropy,500.0,5,memory,4.0,5.0,1.5,0.1,0.5,3.0,0.041,5.0,weekdays,7.0,False,1.0,188,0,0,28.866758346557617,500,3000,302,6.0,1,33
max_entropy,500.0,5,memory,4.0,5.0,1.5,0.1,0.5,3.0,0.041,5.0,weekdays,7.0,False,1.0,189,0,0,32.95035147666931,500,2831,333,5.662,1,43
min_entropy,500.0,10,memory,4.0,5.0,1.5,0.1,0.5,3.0,0.041,5.0,weekdays,7.0,False,1.0,190,0,0,1.6950926780700684,500,5000,1,10.0,10,10
med_entropy,500.0,10,memory,4.0,5.0,1.5,0.1,0.5,3.0,0.041,5.0,weekdays,7.0,False,1.0,191,0,0,457.1281409263611,500,6246,411,12.492,1,66
max_entropy,500.0,10,memory,4.0,5.0,1.5,0.1,0.5,3.0,0.041,5.0,weekdays,7.0,False,1.0,192,0,0,455.0896563529968,500,5274,443,10.548,1,70
min_entropy,500.0,5,memoryless,2.0,3.0,1.5,0.1,0.5,3.0,0.041,1.0,weekdays,7.0,False,2.0,193,0,0,1.0325696468353271,500,2500,1,5.0,5,5
med_entropy,500.0,5,memoryless,2.0,3.0,1.5,0.1,0.5,3.0,0.041,1.0,weekdays,7.0,False,2.0,194,0,0,0.9486334323883057,500,2113,269,4.226,1,32
max_entropy,500.0,5,memoryless,2.0,3.0,1.5,0.1,0.5,3.0,0.041,1.0,weekdays,7.0,False,2.0,195,0,0,1.0891900062561035,500,2700,343,5.4,1,30
min_entropy,500.0,10,memoryless,2.0,3.0,1.5,0.1,0.5,3.0,0.041,1.0,weekdays,7.0,False,2.0,196,0,0,1.6911499500274658,500,5000,1,10.0,10,10
med_entropy,500.0,10,memoryless,2.0,3.0,1.5,0.1,0.5,3.0,0.041,1.0,weekdays,7.0,False,2.0,197,0,0,1.717473030090332,500,5086,417,10.172,1,57
max_entropy,500.0,10,memoryless,2.0,3.0,1.5,0.1,0.5,3.0,0.041,1.0,weekdays,7.0,False,2.0,198,0,0,1.8585257530212402,500,5620,458,11.24,1,65
min_entropy,500.0,5,memory,2.0,3.0,1.5,0.1,0.5,3.0,0.041,1.0,weekdays,7.0,False,2.0,199,0,0,1.0529334545135498,500,2500,1,5.0,5,5
med_entropy,500.0,5,memory,2.0,3.0,1.5,0.1,0.5,3.0,0.041,1.0,weekdays,7.0,False,2.0,200,0,0,2.5374693870544434,500,3679,366,7.358,1,36
max_entropy,500.0,5,memory,2.0,3.0,1.5,0.1,0.5,3.0,0.041,1.0,weekdays,7.0,False,2.0,201,0,0,2.5185964107513428,500,3679,356,7.358,1,44
min_entropy,500.0,10,memory,2.0,3.0,1.5,0.1,0.5,3.0,0.041,1.0,weekdays,7.0,False,2.0,202,0,0,1.687023401260376,500,5000,1,10.0,10,10
med_entropy,500.0,10,memory,2.0,3.0,1.5,0.1,0.5,3.0,0.041,1.0,weekdays,7.0,False,2.0,203,0,0,6.657319068908691,500,2951,345,5.902,1,32
max_entropy,500.0,10,memory,2.0,3.0,1.5,0.1,0.5,3.0,0.041,1.0,weekdays,7.0,False,2.0,204,0,0,7.442548990249634,500,5167,452,10.334,1,51
min_entropy,500.0,5,memoryless,4.0,3.0,1.5,0.1,0.5,3.0,0.041,1.0,weekdays,7.0,False,2.0,205,0,0,1.0402908325195312,500,2500,1,5.0,5,5
med_entropy,500.0,5,memoryless,4.0,3.0,1.5,0.1,0.5,3.0,0.041,1.0,weekdays,7.0,False,2.0,206,0,0,0.9923405647277832,500,2138,266,4.276,1,23
max_entropy,500.0,5,memoryless,4.0,3.0,1.5,0.1,0.5,3.0,0.041,1.0,weekdays,7.0,False,2.0,207,0,0,1.1954758167266846,500,3089,354,6.178,1,45
min_entropy,500.0,10,memoryless,4.0,3.0,1.5,0.1,0.5,3.0,0.041,1.0,weekdays,7.0,False,2.0,208,0,0,1.688218116760254,500,5000,1,10.0,10,10
med_entropy,500.0,10,memoryless,4.0,3.0,1.5,0.1,0.5,3.0,0.041,1.0,weekdays,7.0,False,2.0,209,0,0,1.7191412448883057,500,5087,415,10.174,1,59
max_entropy,500.0,10,memoryless,4.0,3.0,1.5,0.1,0.5,3.0,0.041,1.0,weekdays,7.0,False,2.0,210,0,0,1.9027299880981445,500,5758,461,11.516,1,57
min_entropy,500.0,5,memory,4.0,3.0,1.5,0.1,0.5,3.0,0.041,1.0,weekdays,7.0,False,2.0,211,0,0,1.0583970546722412,500,2500,1,5.0,5,5
med_entropy,500.0,5,memory,4.0,3.0,1.5,0.1,0.5,3.0,0.041,1.0,weekdays,7.0,False,2.0,212,0,0,38.78221082687378,500,6903,314,13.806,1,98
max_entropy,500.0,5,memory,4.0,3.0,1.5,0.1,0.5,3.0,0.041,1.0,weekdays,7.0,False,2.0,213,0,0,32.589274883270264,500,3027,351,6.054,1,42
min_entropy,500.0,10,memory,4.0,3.0,1.5,0.1,0.5,3.0,0.041,1.0,weekdays,7.0,False,2.0,214,0,0,1.6832032203674316,500,5000,1,10.0,10,10
med_entropy,500.0,10,memory,4.0,3.0,1.5,0.1,0.5,3.0,0.041,1.0,weekdays,7.0,False,2.0,215,0,0,450.49509930610657,500,3926,398,7.852,1,41
max_entropy,500.0,10,memory,4.0,3.0,1.5,0.1,0.5,3.0,0.041,1.0,weekdays,7.0,False,2.0,216,0,0,466.2801742553711,500,5614,428,11.228,1,75
min_entropy,500.0,5,memoryless,2.0,5.0,1.5,0.1,0.5,3.0,0.041,1.0,weekdays,7.0,False,2.0,217,0,0,1.0499529838562012,500,2500,1,5.0,5,5
med_entropy,500.0,5,memoryless,2.0,5.0,1.5,0.1,0.5,3.0,0.041,1.0,weekdays,7.0,False,2.0,218,0,0,0.8766164779663086,500,1702,209,3.404,1,21
max_entropy,500.0,5,memoryless,2.0,5.0,1.5,0.1,0.5,3.0,0.041,1.0,weekdays,7.0,False,2.0,219,0,0,1.261533260345459,500,3322,365,6.644,1,44
min_entropy,500.0,10,memoryless,2.0,5.0,1.5,0.1,0.5,3.0,0.041,1.0,weekdays,7.0,False,2.0,220,0,0,1.7179701328277588,500,5000,1,10.0,10,10
med_entropy,500.0,10,memoryless,2.0,5.0,1.5,0.1,0.5,3.0,0.041,1.0,weekdays,7.0,False,2.0,221,0,0,1.3901700973510742,500,3801,383,7.602,1,39
max_entropy,500.0,10,memoryless,2.0,5.0,1.5,0.1,0.5,3.0,0.041,1.0,weekdays,7.0,False,2.0,222,0,0,1.9980196952819824,500,6166,446,12.332,1,78
min_entropy,500.0,5,memory,2.0,5.0,1.5,0.1,0.5,3.0,0.041,1.0,weekdays,7.0,False,2.0,223,0,0,1.0499532222747803,500,2500,1,5.0,5,5
med_entropy,500.0,5,memory,2.0,5.0,1.5,0.1,0.5,3.0,0.041,1.0,weekdays,7.0,False,2.0,224,0,0,2.804248094558716,500,3539,340,7.078,1,37
max_entropy,500.0,5,memory,2.0,5.0,1.5,0.1,0.5,3.0,0.041,1.0,weekdays,7.0,False,2.0,225,0,0,2.8040950298309326,500,2933,325,5.866,1,31
min_entropy,500.0,10,memory,2.0,5.0,1.5,0.1,0.5,3.0,0.041,1.0,weekdays,7.0,False,2.0,226,0,0,1.7418484687805176,500,5000,1,10.0,10,10
med_entropy,500.0,10,memory,2.0,5.0,1.5,0.1,0.5,3.0,0.041,1.0,weekdays,7.0,False,2.0,227,0,0,8.414526224136353,500,9831,467,19.662,1,87
max_entropy,500.0,10,memory,2.0,5.0,1.5,0.1,0.5,3.0,0.041,1.0,weekdays,7.0,False,2.0,228,0,0,7.063095808029175,500,5962,462,11.924,1,57
min_entropy,500.0,5,memoryless,4.0,5.0,1.5,0.1,0.5,3.0,0.041,1.0,weekdays,7.0,False,2.0,229,0,0,1.052933692932129,500,2500,1,5.0,5,5
med_entropy,500.0,5,memoryless,4.0,5.0,1.5,0.1,0.5,3.0,0.041,1.0,weekdays,7.0,False,2.0,230,0,0,1.0276024341583252,500,2438,282,4.876,1,31
max_entropy,500.0,5,memoryless,4.0,5.0,1.5,0.1,0.5,3.0,0.041,1.0,weekdays,7.0,False,2.0,231,0,0,1.1527636051177979,500,2889,358,5.778,1,32
min_entropy,500.0,10,memoryless,4.0,5.0,1.5,0.1,0.5,3.0,0.041,1.0,weekdays,7.0,False,2.0,232,0,0,1.6866796016693115,500,5000,1,10.0,10,10
med_entropy,500.0,10,memoryless,4.0,5.0,1.5,0.1,0.5,3.0,0.041,1.0,weekdays,7.0,False,2.0,233,0,0,1.4924836158752441,500,4136,366,8.272,1,55
max_entropy,500.0,10,memoryless,4.0,5.0,1.5,0.1,0.5,3.0,0.041,1.0,weekdays,7.0,False,2.0,234,0,0,1.8083627223968506,500,5379,449,10.758,1,71
min_entropy,500.0,5,memory,4.0,5.0,1.5,0.1,0.5,3.0,0.041,1.0,weekdays,7.0,False,2.0,235,0,0,1.0494565963745117,500,2500,1,5.0,5,5
med_entropy,500.0,5,memory,4.0,5.0,1.5,0.1,0.5,3.0,0.041,1.0,weekdays,7.0,False,2.0,236,0,0,25.877819061279297,500,4069,324,8.138,1,65
max_entropy,500.0,5,memory,4.0,5.0,1.5,0.1,0.5,3.0,0.041,1.0,weekdays,7.0,False,2.0,237,0,0,33.5408878326416,500,2674,326,5.348,1,29
min_entropy,500.0,10,memory,4.0,5.0,1.5,0.1,0.5,3.0,0.041,1.0,weekdays,7.0,False,2.0,238,0,0,1.700089693069458,500,5000,1,10.0,10,10
med_entropy,500.0,10,memory,4.0,5.0,1.5,0.1,0.5,3.0,0.041,1.0,weekdays,7.0,False,2.0,239,0,0,3046.4068551063538,500,21060,353,42.12,1,458
max_entropy,500.0,10,memory,4.0,5.0,1.5,0.1,0.5,3.0,0.041,1.0,weekdays,7.0,False,2.0,240,0,0,445.0751256942749,500,5289,429,10.578,1,69
min_entropy,500.0,5,memoryless,2.0,3.0,1.5,0.1,0.5,3.0,0.041,5.0,weekdays,7.0,False,2.0,241,0,0,1.046004295349121,500,2500,1,5.0,5,5
med_entropy,500.0,5,memoryless,2.0,3.0,1.5,0.1,0.5,3.0,0.041,5.0,weekdays,7.0,False,2.0,242,0,0,0.9943270683288574,500,2275,272,4.55,1,24
max_entropy,500.0,5,memoryless,2.0,3.0,1.5,0.1,0.5,3.0,0.041,5.0,weekdays,7.0,False,2.0,243,0,0,1.179086685180664,500,3040,362,6.08,1,48
min_entropy,500.0,10,memoryless,2.0,3.0,1.5,0.1,0.5,3.0,0.041,5.0,weekdays,7.0,False,2.0,244,0,0,1.6871764659881592,500,5000,1,10.0,10,10
med_entropy,500.0,10,memoryless,2.0,3.0,1.5,0.1,0.5,3.0,0.041,5.0,weekdays,7.0,False,2.0,245,0,0,1.4716229438781738,500,4165,355,8.33,1,61
max_entropy,500.0,10,memoryless,2.0,3.0,1.5,0.1,0.5,3.0,0.041,5.0,weekdays,7.0,False,2.0,246,0,0,1.934053659439087,500,5890,466,11.78,1,74
min_entropy,500.0,5,memory,2.0,3.0,1.5,0.1,0.5,3.0,0.041,5.0,weekdays,7.0,False,2.0,247,0,0,1.0534296035766602,500,2500,1,5.0,5,5
med_entropy,500.0,5,memory,2.0,3.0,1.5,0.1,0.5,3.0,0.041,5.0,weekdays,7.0,False,2.0,248,0,0,2.728121757507324,500,3017,317,6.034,1,37
max_entropy,500.0,5,memory,2.0,3.0,1.5,0.1,0.5,3.0,0.041,5.0,weekdays,7.0,False,2.0,249,0,0,2.3760530948638916,500,3017,344,6.034,1,36
min_entropy,500.0,10,memory,2.0,3.0,1.5,0.1,0.5,3.0,0.041,5.0,weekdays,7.0,False,2.0,250,0,0,1.6921436786651611,500,5000,1,10.0,10,10
med_entropy,500.0,10,memory,2.0,3.0,1.5,0.1,0.5,3.0,0.041,5.0,weekdays,7.0,False,2.0,251,0,0,7.025846004486084,500,4157,399,8.314,1,39
max_entropy,500.0,10,memory,2.0,3.0,1.5,0.1,0.5,3.0,0.041,5.0,weekdays,7.0,False,2.0,252,0,0,7.009361505508423,500,6379,474,12.758,1,68
min_entropy,500.0,5,memoryless,4.0,3.0,1.5,0.1,0.5,3.0,0.041,5.0,weekdays,7.0,False,2.0,253,0,0,1.0477924346923828,500,2500,1,5.0,5,5
med_entropy,500.0,5,memoryless,4.0,3.0,1.5,0.1,0.5,3.0,0.041,5.0,weekdays,7.0,False,2.0,254,0,0,0.9133696556091309,500,1943,229,3.886,1,21
max_entropy,500.0,5,memoryless,4.0,3.0,1.5,0.1,0.5,3.0,0.041,5.0,weekdays,7.0,False,2.0,255,0,0,1.173126459121704,500,3010,352,6.02,1,43
min_entropy,500.0,10,memoryless,4.0,3.0,1.5,0.1,0.5,3.0,0.041,5.0,weekdays,7.0,False,2.0,256,0,0,1.699096441268921,500,5000,1,10.0,10,10
med_entropy,500.0,10,memoryless,4.0,3.0,1.5,0.1,0.5,3.0,0.041,5.0,weekdays,7.0,False,2.0,257,0,0,1.507436990737915,500,4257,393,8.514,1,48
max_entropy,500.0,10,memoryless,4.0,3.0,1.5,0.1,0.5,3.0,0.041,5.0,weekdays,7.0,False,2.0,258,0,0,1.8782892227172852,500,5689,439,11.378,1,82
min_entropy,500.0,5,memory,4.0,3.0,1.5,0.1,0.5,3.0,0.041,5.0,weekdays,7.0,False,2.0,259,0,0,1.079782247543335,500,2500,1,5.0,5,5
med_entropy,500.0,5,memory,4.0,3.0,1.5,0.1,0.5,3.0,0.041,5.0,weekdays,7.0,False,2.0,260,0,0,25.880799770355225,500,4726,335,9.452,1,78
max_entropy,500.0,5,memory,4.0,3.0,1.5,0.1,0.5,3.0,0.041,5.0,weekdays,7.0,False,2.0,261,0,0,27.143057346343994,500,3032,358,6.064,1,36
min_entropy,500.0,10,memory,4.0,3.0,1.5,0.1,0.5,3.0,0.041,5.0,weekdays,7.0,False,2.0,262,0,0,1.6812150478363037,500,5000,1,10.0,10,10
med_entropy,500.0,10,memory,4.0,3.0,1.5,0.1,0.5,3.0,0.041,5.0,weekdays,7.0,False,2.0,263,0,0,461.77407121658325,500,6804,363,13.608,1,84
max_entropy,500.0,10,memory,4.0,3.0,1.5,0.1,0.5,3.0,0.041,5.0,weekdays,7.0,False,2.0,264,0,0,503.31180119514465,500,5456,443,10.912,1,67
min_entropy,500.0,5,memoryless,2.0,5.0,1.5,0.1,0.5,3.0,0.041,5.0,weekdays,7.0,False,2.0,265,0,0,1.042999505996704,500,2500,1,5.0,5,5
med_entropy,500.0,5,memoryless,2.0,5.0,1.5,0.1,0.5,3.0,0.041,5.0,weekdays,7.0,False,2.0,266,0,0,0.8850600719451904,500,1845,235,3.69,1,18
max_entropy,500.0,5,memoryless,2.0,5.0,1.5,0.1,0.5,3.0,0.041,5.0,weekdays,7.0,False,2.0,267,0,0,1.1736228466033936,500,3020,351,6.04,1,44
min_entropy,500.0,10,memoryless,2.0,5.0,1.5,0.1,0.5,3.0,0.041,5.0,weekdays,7.0,False,2.0,268,0,0,1.6871764659881592,500,5000,1,10.0,10,10
med_entropy,500.0,10,memoryless,2.0,5.0,1.5,0.1,0.5,3.0,0.041,5.0,weekdays,7.0,False,2.0,269,0,0,1.2123630046844482,500,3085,356,6.17,1,36
max_entropy,500.0,10,memoryless,2.0,5.0,1.5,0.1,0.5,3.0,0.041,5.0,weekdays,7.0,False,2.0,270,0,0,1.986666202545166,500,5989,471,11.978,1,58
min_entropy,500.0,5,memory,2.0,5.0,1.5,0.1,0.5,3.0,0.041,5.0,weekdays,7.0,False,2.0,271,0,0,1.052968978881836,500,2500,1,5.0,5,5
med_entropy,500.0,5,memory,2.0,5.0,1.5,0.1,0.5,3.0,0.041,5.0,weekdays,7.0,False,2.0,272,0,0,2.2578468322753906,500,2163,229,4.326,1,23
max_entropy,500.0,5,memory,2.0,5.0,1.5,0.1,0.5,3.0,0.041,5.0,weekdays,7.0,False,2.0,273,0,0,2.6710734367370605,500,3190,352,6.38,1,31
min_entropy,500.0,10,memory,2.0,5.0,1.5,0.1,0.5,3.0,0.041,5.0,weekdays,7.0,False,2.0,274,0,0,1.6821472644805908,500,5000,1,10.0,10,10
med_entropy,500.0,10,memory,2.0,5.0,1.5,0.1,0.5,3.0,0.041,5.0,weekdays,7.0,False,2.0,275,0,0,7.1009063720703125,500,2515,308,5.03,1,21
max_entropy,500.0,10,memory,2.0,5.0,1.5,0.1,0.5,3.0,0.041,5.0,weekdays,7.0,False,2.0,276,0,0,7.975475072860718,500,5524,431,11.048,1,89
min_entropy,500.0,5,memoryless,4.0,5.0,1.5,0.1,0.5,3.0,0.041,5.0,weekdays,7.0,False,2.0,277,0,0,1.0375370979309082,500,2500,1,5.0,5,5
med_entropy,500.0,5,memoryless,4.0,5.0,1.5,0.1,0.5,3.0,0.041,5.0,weekdays,7.0,False,2.0,278,0,0,0.9501235485076904,500,2137,245,4.274,1,32
max_entropy,500.0,5,memoryless,4.0,5.0,1.5,0.1,0.5,3.0,0.041,5.0,weekdays,7.0,False,2.0,279,0,0,1.1747395992279053,500,3036,339,6.072,1,45
min_entropy,500.0,10,memoryless,4.0,5.0,1.5,0.1,0.5,3.0,0.041,5.0,weekdays,7.0,False,2.0,280,0,0,1.6946260929107666,500,5000,1,10.0,10,10
med_entropy,500.0,10,memoryless,4.0,5.0,1.5,0.1,0.5,3.0,0.041,5.0,weekdays,7.0,False,2.0,281,0,0,1.5312237739562988,500,4354,357,8.708,1,67
max_entropy,500.0,10,memoryless,4.0,5.0,1.5,0.1,0.5,3.0,0.041,5.0,weekdays,7.0,False,2.0,282,0,0,1.821852684020996,500,5503,449,11.006,1,70
min_entropy,500.0,5,memory,4.0,5.0,1.5,0.1,0.5,3.0,0.041,5.0,weekdays,7.0,False,2.0,283,0,0,1.0504498481750488,500,2500,1,5.0,5,5
med_entropy,500.0,5,memory,4.0,5.0,1.5,0.1,0.5,3.0,0.041,5.0,weekdays,7.0,False,2.0,284,0,0,25.827656269073486,500,2595,211,5.19,1,45
max_entropy,500.0,5,memory,4.0,5.0,1.5,0.1,0.5,3.0,0.041,5.0,weekdays,7.0,False,2.0,285,0,0,30.463045835494995,500,2992,363,5.984,1,26
min_entropy,500.0,10,memory,4.0,5.0,1.5,0.1,0.5,3.0,0.041,5.0,weekdays,7.0,False,2.0,286,0,0,1.688666820526123,500,5000,1,10.0,10,10
med_entropy,500.0,10,memory,4.0,5.0,1.5,0.1,0.5,3.0,0.041,5.0,weekdays,7.0,False,2.0,287,0,0,416.9867534637451,500,4575,361,9.15,1,51
max_entropy,500.0,10,memory,4.0,5.0,1.5,0.1,0.5,3.0,0.041,5.0,weekdays,7.0,False,2.0,288,0,0,424.65467381477356,500,5632,447,11.264,1,75
min_entropy,500.0,5,memoryless,2.0,3.0,1.5,0.1,0.5,3.0,0.041,1.0,weekdays,7.0,False,3.0,289,0,0,1.0484819412231445,500,2500,1,5.0,5,5
med_entropy,500.0,5,memoryless,2.0,3.0,1.5,0.1,0.5,3.0,0.041,1.0,weekdays,7.0,False,3.0,290,0,0,0.8507905006408691,500,1728,213,3.456,1,22
max_entropy,500.0,5,memoryless,2.0,3.0,1.5,0.1,0.5,3.0,0.041,1.0,weekdays,7.0,False,3.0,291,0,0,1.1224358081817627,500,2820,355,5.64,1,33
min_entropy,500.0,10,memoryless,2.0,3.0,1.5,0.1,0.5,3.0,0.041,1.0,weekdays,7.0,False,3.0,292,0,0,1.6961166858673096,500,5000,1,10.0,10,10
med_entropy,500.0,10,memoryless,2.0,3.0,1.5,0.1,0.5,3.0,0.041,1.0,weekdays,7.0,False,3.0,293,0,0,1.2019975185394287,500,3112,353,6.224,1,36
max_entropy,500.0,10,memoryless,2.0,3.0,1.5,0.1,0.5,3.0,0.041,1.0,weekdays,7.0,False,3.0,294,0,0,1.7775702476501465,500,5385,446,10.77,1,69
min_entropy,500.0,5,memory,2.0,3.0,1.5,0.1,0.5,3.0,0.041,1.0,weekdays,7.0,False,3.0,295,0,0,1.0574030876159668,500,2500,1,5.0,5,5
med_entropy,500.0,5,memory,2.0,3.0,1.5,0.1,0.5,3.0,0.041,1.0,weekdays,7.0,False,3.0,296,0,0,3.033876657485962,500,5784,275,11.568,1,78
max_entropy,500.0,5,memory,2.0,3.0,1.5,0.1,0.5,3.0,0.041,1.0,weekdays,7.0,False,3.0,297,0,0,2.7818305492401123,500,3213,346,6.426,1,55
min_entropy,500.0,10,memory,2.0,3.0,1.5,0.1,0.5,3.0,0.041,1.0,weekdays,7.0,False,3.0,298,0,0,1.6822094917297363,500,5000,1,10.0,10,10
med_entropy,500.0,10,memory,2.0,3.0,1.5,0.1,0.5,3.0,0.041,1.0,weekdays,7.0,False,3.0,299,0,0,6.668771505355835,500,3323,303,6.646,1,47
max_entropy,500.0,10,memory,2.0,3.0,1.5,0.1,0.5,3.0,0.041,1.0,weekdays,7.0,False,3.0,300,0,0,7.4882423877716064,500,4789,437,9.578,1,67
min_entropy,500.0,5,memoryless,4.0,3.0,1.5,0.1,0.5,3.0,0.041,1.0,weekdays,7.0,False,3.0,301,0,0,1.0467290878295898,500,2500,1,5.0,5,5
med_entropy,500.0,5,memoryless,4.0,3.0,1.5,0.1,0.5,3.0,0.041,1.0,weekdays,7.0,False,3.0,302,0,0,0.8960156440734863,500,1906,244,3.812,1,23
max_entropy,500.0,5,memoryless,4.0,3.0,1.5,0.1,0.5,3.0,0.041,1.0,weekdays,7.0,False,3.0,303,0,0,1.1016066074371338,500,2732,334,5.464,1,38
min_entropy,500.0,10,memoryless,4.0,3.0,1.5,0.1,0.5,3.0,0.041,1.0,weekdays,7.0,False,3.0,304,0,0,1.71250581741333,500,5000,1,10.0,10,10
med_entropy,500.0,10,memoryless,4.0,3.0,1.5,0.1,0.5,3.0,0.041,1.0,weekdays,7.0,False,3.0,305,0,0,1.6418404579162598,500,4787,398,9.574,1,87
max_entropy,500.0,10,memoryless,4.0,3.0,1.5,0.1,0.5,3.0,0.041,1.0,weekdays,7.0,False,3.0,306,0,0,1.9677929878234863,500,6071,459,12.142,1,95
min_entropy,500.0,5,memory,4.0,3.0,1.5,0.1,0.5,3.0,0.041,1.0,weekdays,7.0,False,3.0,307,0,0,1.04349684715271,500,2500,1,5.0,5,5
med_entropy,500.0,5,memory,4.0,3.0,1.5,0.1,0.5,3.0,0.041,1.0,weekdays,7.0,False,3.0,308,0,0,31.17675471305847,500,2576,283,5.152,1,21
max_entropy,500.0,5,memory,4.0,3.0,1.5,0.1,0.5,3.0,0.041,1.0,weekdays,7.0,False,3.0,309,0,0,33.0561408996582,500,2998,357,5.996,1,39
min_entropy,500.0,10,memory,4.0,3.0,1.5,0.1,0.5,3.0,0.041,1.0,weekdays,7.0,False,3.0,310,0,0,1.7139966487884521,500,5000,1,10.0,10,10
med_entropy,500.0,10,memory,4.0,3.0,1.5,0.1,0.5,3.0,0.041,1.0,weekdays,7.0,False,3.0,311,0,0,519.2175056934357,500,9077,423,18.154,1,95
max_entropy,500.0,10,memory,4.0,3.0,1.5,0.1,0.5,3.0,0.041,1.0,weekdays,7.0,False,3.0,312,0,0,433.5976734161377,500,5585,451,11.17,1,77
min_entropy,500.0,5,memoryless,2.0,5.0,1.5,0.1,0.5,3.0,0.041,1.0,weekdays,7.0,False,3.0,313,0,0,1.050450086593628,500,2500,1,5.0,5,5
med_entropy,500.0,5,memoryless,2.0,5.0,1.5,0.1,0.5,3.0,0.041,1.0,weekdays,7.0,False,3.0,314,0,0,1.0147285461425781,500,2374,280,4.748,1,24
max_entropy,500.0,5,memoryless,2.0,5.0,1.5,0.1,0.5,3.0,0.041,1.0,weekdays,7.0,False,3.0,315,0,0,1.1910474300384521,500,3067,375,6.134,1,31
min_entropy,500.0,10,memoryless,2.0,5.0,1.5,0.1,0.5,3.0,0.041,1.0,weekdays,7.0,False,3.0,316,0,0,1.6812152862548828,500,5000,1,10.0,10,10
med_entropy,500.0,10,memoryless,2.0,5.0,1.5,0.1,0.5,3.0,0.041,1.0,weekdays,7.0,False,3.0,317,0,0,1.5575459003448486,500,4475,418,8.95,1,54
max_entropy,500.0,10,memoryless,2.0,5.0,1.5,0.1,0.5,3.0,0.041,1.0,weekdays,7.0,False,3.0,318,0,0,1.7686293125152588,500,5273,455,10.546,1,55
min_entropy,500.0,5,memory,2.0,5.0,1.5,0.1,0.5,3.0,0.041,1.0,weekdays,7.0,False,3.0,319,0,0,1.0430381298065186,500,2500,1,5.0,5,5
med_entropy,500.0,5,memory,2.0,5.0,1.5,0.1,0.5,3.0,0.041,1.0,weekdays,7.0,False,3.0,320,0,0,2.6333260536193848,500,1805,212,3.61,1,22
max_entropy,500.0,5,memory,2.0,5.0,1.5,0.1,0.5,3.0,0.041,1.0,weekdays,7.0,False,3.0,321,0,0,2.361649751663208,500,2971,341,5.942,1,40
min_entropy,500.0,10,memory,2.0,5.0,1.5,0.1,0.5,3.0,0.041,1.0,weekdays,7.0,False,3.0,322,0,0,1.6802234649658203,500,5000,1,10.0,10,10
med_entropy,500.0,10,memory,2.0,5.0,1.5,0.1,0.5,3.0,0.041,1.0,weekdays,7.0,False,3.0,323,0,0,7.376988887786865,500,6595,431,13.19,1,89
max_entropy,500.0,10,memory,2.0,5.0,1.5,0.1,0.5,3.0,0.041,1.0,weekdays,7.0,False,3.0,324,0,0,7.54883599281311,500,4855,434,9.71,1,59
min_entropy,500.0,5,memoryless,4.0,5.0,1.5,0.1,0.5,3.0,0.041,1.0,weekdays,7.0,False,3.0,325,0,0,1.0449864864349365,500,2500,1,5.0,5,5
med_entropy,500.0,5,memoryless,4.0,5.0,1.5,0.1,0.5,3.0,0.041,1.0,weekdays,7.0,False,3.0,326,0,0,1.128922939300537,500,2871,298,5.742,1,40
max_entropy,500.0,5,memoryless,4.0,5.0,1.5,0.1,0.5,3.0,0.041,1.0,weekdays,7.0,False,3.0,327,0,0,1.1706430912017822,500,3024,363,6.048,1,37
min_entropy,500.0,10,memoryless,4.0,5.0,1.5,0.1,0.5,3.0,0.041,1.0,weekdays,7.0,False,3.0,328,0,0,1.6918525695800781,500,5000,1,10.0,10,10
med_entropy,500.0,10,memoryless,4.0,5.0,1.5,0.1,0.5,3.0,0.041,1.0,weekdays,7.0,False,3.0,329,0,0,1.7015798091888428,500,5081,386,10.162,1,59
max_entropy,500.0,10,memoryless,4.0,5.0,1.5,0.1,0.5,3.0,0.041,1.0,weekdays,7.0,False,3.0,330,0,0,1.9041872024536133,500,5846,449,11.692,1,79
min_entropy,500.0,5,memory,4.0,5.0,1.5,0.1,0.5,3.0,0.041,1.0,weekdays,7.0,False,3.0,331,0,0,1.0752830505371094,500,2500,1,5.0,5,5
med_entropy,500.0,5,memory,4.0,5.0,1.5,0.1,0.5,3.0,0.041,1.0,weekdays,7.0,False,3.0,332,0,0,29.74491786956787,500,3971,357,7.942,1,44
max_entropy,500.0,5,memory,4.0,5.0,1.5,0.1,0.5,3.0,0.041,1.0,weekdays,7.0,False,3.0,333,0,0,35.07856798171997,500,2613,310,5.226,1,42
min_entropy,500.0,10,memory,4.0,5.0,1.5,0.1,0.5,3.0,0.041,1.0,weekdays,7.0,False,3.0,334,0,0,1.6817128658294678,500,5000,1,10.0,10,10
med_entropy,500.0,10,memory,4.0,5.0,1.5,0.1,0.5,3.0,0.041,1.0,weekdays,7.0,False,3.0,335,0,0,436.71160793304443,500,2995,353,5.99,1,27
max_entropy,500.0,10,memory,4.0,5.0,1.5,0.1,0.5,3.0,0.041,1.0,weekdays,7.0,False,3.0,336,0,0,432.70252108573914,500,5760,454,11.52,1,86
min_entropy,500.0,5,memoryless,2.0,3.0,1.5,0.1,0.5,3.0,0.041,5.0,weekdays,7.0,False,3.0,337,0,0,1.0370397567749023,500,2500,1,5.0,5,5
med_entropy,500.0,5,memoryless,2.0,3.0,1.5,0.1,0.5,3.0,0.041,5.0,weekdays,7.0,False,3.0,338,0,0,1.0569062232971191,500,2543,279,5.086,1,36
max_entropy,500.0,5,memoryless,2.0,3.0,1.5,0.1,0.5,3.0,0.041,5.0,weekdays,7.0,False,3.0,339,0,0,1.1910085678100586,500,3097,365,6.194,1,35
min_entropy,500.0,10,memoryless,2.0,3.0,1.5,0.1,0.5,3.0,0.041,5.0,weekdays,7.0,False,3.0,340,0,0,1.696115255355835,500,5000,1,10.0,10,10
med_entropy,500.0,10,memoryless,2.0,3.0,1.5,0.1,0.5,3.0,0.041,5.0,weekdays,7.0,False,3.0,341,0,0,1.6042332649230957,500,4631,397,9.262,1,72
max_entropy,500.0,10,memoryless,2.0,3.0,1.5,0.1,0.5,3.0,0.041,5.0,weekdays,7.0,False,3.0,342,0,0,1.9548749923706055,500,5957,462,11.914,1,65
min_entropy,500.0,5,memory,2.0,3.0,1.5,0.1,0.5,3.0,0.041,5.0,weekdays,7.0,False,3.0,343,0,0,1.0519399642944336,500,2500,1,5.0,5,5
med_entropy,500.0,5,memory,2.0,3.0,1.5,0.1,0.5,3.0,0.041,5.0,weekdays,7.0,False,3.0,344,0,0,2.6899466514587402,500,2132,267,4.264,1,26
max_entropy,500.0,5,memory,2.0,3.0,1.5,0.1,0.5,3.0,0.041,5.0,weekdays,7.0,False,3.0,345,0,0,3.05458402633667,500,2901,346,5.802,1,40
min_entropy,500.0,10,memory,2.0,3.0,1.5,0.1,0.5,3.0,0.041,5.0,weekdays,7.0,False,3.0,346,0,0,1.7031290531158447,500,5000,1,10.0,10,10
med_entropy,500.0,10,memory,2.0,3.0,1.5,0.1,0.5,3.0,0.041,5.0,weekdays,7.0,False,3.0,347,0,0,7.273682355880737,500,2473,331,4.946,1,21
max_entropy,500.0,10,memory,2.0,3.0,1.5,0.1,0.5,3.0,0.041,5.0,weekdays,7.0,False,3.0,348,0,0,7.579683303833008,500,5796,458,11.592,1,76
min_entropy,500.0,5,memoryless,4.0,3.0,1.5,0.1,0.5,3.0,0.041,5.0,weekdays,7.0,False,3.0,349,0,0,1.03753662109375,500,2500,1,5.0,5,5
med_entropy,500.0,5,memoryless,4.0,3.0,1.5,0.1,0.5,3.0,0.041,5.0,weekdays,7.0,False,3.0,350,0,0,1.024289846420288,500,2401,278,4.802,1,35
max_entropy,500.0,5,memoryless,4.0,3.0,1.5,0.1,0.5,3.0,0.041,5.0,weekdays,7.0,False,3.0,351,0,0,1.131406307220459,500,2856,358,5.712,1,32
min_entropy,500.0,10,memoryless,4.0,3.0,1.5,0.1,0.5,3.0,0.041,5.0,weekdays,7.0,False,3.0,352,0,0,1.6881687641143799,500,5000,1,10.0,10,10
med_entropy,500.0,10,memoryless,4.0,3.0,1.5,0.1,0.5,3.0,0.041,5.0,weekdays,7.0,False,3.0,353,0,0,2.053220748901367,500,6320,420,12.64,1,99
max_entropy,500.0,10,memoryless,4.0,3.0,1.5,0.1,0.5,3.0,0.041,5.0,weekdays,7.0,False,3.0,354,0,0,1.8227977752685547,500,5499,443,10.998,1,84
min_entropy,500.0,5,memory,4.0,3.0,1.5,0.1,0.5,3.0,0.041,5.0,weekdays,7.0,False,3.0,355,0,0,1.0489976406097412,500,2500,1,5.0,5,5
med_entropy,500.0,5,memory,4.0,3.0,1.5,0.1,0.5,3.0,0.041,5.0,weekdays,7.0,False,3.0,356,0,0,33.62830138206482,500,3243,305,6.486,1,52
max_entropy,500.0,5,memory,4.0,3.0,1.5,0.1,0.5,3.0,0.041,5.0,weekdays,7.0,False,3.0,357,0,0,30.094022512435913,500,2836,311,5.672,1,46
min_entropy,500.0,10,memory,4.0,3.0,1.5,0.1,0.5,3.0,0.041,5.0,weekdays,7.0,False,3.0,358,0,0,1.7021119594573975,500,5000,1,10.0,10,10
med_entropy,500.0,10,memory,4.0,3.0,1.5,0.1,0.5,3.0,0.041,5.0,weekdays,7.0,False,3.0,359,0,0,4401.763184785843,500,47931,382,95.862,1,1336
max_entropy,500.0,10,memory,4.0,3.0,1.5,0.1,0.5,3.0,0.041,5.0,weekdays,7.0,False,3.0,360,0,0,506.10533380508423,500,5561,458,11.122,1,55
min_entropy,500.0,5,memoryless,2.0,5.0,1.5,0.1,0.5,3.0,0.041,5.0,weekdays,7.0,False,3.0,361,0,0,1.0464754104614258,500,2500,1,5.0,5,5
med_entropy,500.0,5,memoryless,2.0,5.0,1.5,0.1,0.5,3.0,0.041,5.0,weekdays,7.0,False,3.0,362,0,0,1.0862069129943848,500,2707,309,5.414,1,31
max_entropy,500.0,5,memoryless,2.0,5.0,1.5,0.1,0.5,3.0,0.041,5.0,weekdays,7.0,False,3.0,363,0,0,1.2525928020477295,500,3322,360,6.644,1,44
min_entropy,500.0,10,memoryless,2.0,5.0,1.5,0.1,0.5,3.0,0.041,5.0,weekdays,7.0,False,3.0,364,0,0,1.6822504997253418,500,5000,1,10.0,10,10
med_entropy,500.0,10,memoryless,2.0,5.0,1.5,0.1,0.5,3.0,0.041,5.0,weekdays,7.0,False,3.0,365,0,0,1.578902244567871,500,4574,382,9.148,1,63
max_entropy,500.0,10,memoryless,2.0,5.0,1.5,0.1,0.5,3.0,0.041,5.0,weekdays,7.0,False,3.0,366,0,0,1.9409730434417725,500,5991,460,11.982,1,68
min_entropy,500.0,5,memory,2.0,5.0,1.5,0.1,0.5,3.0,0.041,5.0,weekdays,7.0,False,3.0,367,0,0,1.0400216579437256,500,2500,1,5.0,5,5
med_entropy,500.0,5,memory,2.0,5.0,1.5,0.1,0.5,3.0,0.041,5.0,weekdays,7.0,False,3.0,368,0,0,616.1612498760223,500,500,3,1.0,1,1
max_entropy,500.0,5,memory,2.0,5.0,1.5,0.1,0.5,3.0,0.041,5.0,weekdays,7.0,False,3.0,369,0,0,2.875699520111084,500,3688,367,7.376,1,66
min_entropy,500.0,10,memory,2.0,5.0,1.5,0.1,0.5,3.0,0.041,5.0,weekdays,7.0,False,3.0,370,0,0,1.6832034587860107,500,5000,1,10.0,10,10
med_entropy,500.0,10,memory,2.0,5.0,1.5,0.1,0.5,3.0,0.041,5.0,weekdays,7.0,False,3.0,371,0,0,7.242889404296875,500,5129,419,10.258,1,62
max_entropy,500.0,10,memory,2.0,5.0,1.5,0.1,0.5,3.0,0.041,5.0,weekdays,7.0,False,3.0,372,0,0,7.049685716629028,500,5894,432,11.788,1,76
min_entropy,500.0,5,memoryless,4.0,5.0,1.5,0.1,0.5,3.0,0.041,5.0,weekdays,7.0,False,3.0,373,0,0,1.0449867248535156,500,2500,1,5.0,5,5
med_entropy,500.0,5,memoryless,4.0,5.0,1.5,0.1,0.5,3.0,0.041,5.0,weekdays,7.0,False,3.0,374,0,0,1.0623698234558105,500,2530,291,5.06,1,28
max_entropy,500.0,5,memoryless,4.0,5.0,1.5,0.1,0.5,3.0,0.041,5.0,weekdays,7.0,False,3.0,375,0,0,1.1135265827178955,500,2766,337,5.532,1,40
min_entropy,500.0,10,memoryless,4.0,5.0,1.5,0.1,0.5,3.0,0.041,5.0,weekdays,7.0,False,3.0,376,0,0,1.7015807628631592,500,5000,1,10.0,10,10
med_entropy,500.0,10,memoryless,4.0,5.0,1.5,0.1,0.5,3.0,0.041,5.0,weekdays,7.0,False,3.0,377,0,0,1.1597168445587158,500,2922,361,5.844,1,32
max_entropy,500.0,10,memoryless,4.0,5.0,1.5,0.1,0.5,3.0,0.041,5.0,weekdays,7.0,False,3.0,378,0,0,1.870436429977417,500,5709,460,11.418,1,98
min_entropy,500.0,5,memory,4.0,5.0,1.5,0.1,0.5,3.0,0.041,5.0,weekdays,7.0,False,3.0,379,0,0,1.0823614597320557,500,2500,1,5.0,5,5
med_entropy,500.0,5,memory,4.0,5.0,1.5,0.1,0.5,3.0,0.041,5.0,weekdays,7.0,False,3.0,380,0,0,23.719804286956787,500,2620,236,5.24,1,46
max_entropy,500.0,5,memory,4.0,5.0,1.5,0.1,0.5,3.0,0.041,5.0,weekdays,7.0,False,3.0,381,0,0,27.36521625518799,500,3317,367,6.634,1,37
min_entropy,500.0,10,memory,4.0,5.0,1.5,0.1,0.5,3.0,0.041,5.0,weekdays,7.0,False,3.0,382,0,0,1.6817128658294678,500,5000,1,10.0,10,10
med_entropy,500.0,10,memory,4.0,5.0,1.5,0.1,0.5,3.0,0.041,5.0,weekdays,7.0,False,3.0,383,0,0,422.28107929229736,500,5597,393,11.194,1,73
max_entropy,500.0,10,memory,4.0,5.0,1.5,0.1,0.5,3.0,0.041,5.0,weekdays,7.0,False,3.0,384,0,0,431.82697582244873,500,5344,442,10.688,1,56
min_entropy,500.0,5,memoryless,2.0,3.0,1.5,0.1,0.5,3.0,0.041,1.0,weekdays,7.0,False,4.0,385,0,0,1.0361311435699463,500,2500,1,5.0,5,5
med_entropy,500.0,5,memoryless,2.0,3.0,1.5,0.1,0.5,3.0,0.041,1.0,weekdays,7.0,False,4.0,386,0,0,0.9146897792816162,500,2031,241,4.062,1,25
max_entropy,500.0,5,memoryless,2.0,3.0,1.5,0.1,0.5,3.0,0.041,1.0,weekdays,7.0,False,4.0,387,0,0,1.1368696689605713,500,2879,354,5.758,1,27
min_entropy,500.0,10,memoryless,2.0,3.0,1.5,0.1,0.5,3.0,0.041,1.0,weekdays,7.0,False,4.0,388,0,0,1.6836583614349365,500,5000,1,10.0,10,10
med_entropy,500.0,10,memoryless,2.0,3.0,1.5,0.1,0.5,3.0,0.041,1.0,weekdays,7.0,False,4.0,389,0,0,1.6563832759857178,500,4866,387,9.732,1,73
max_entropy,500.0,10,memoryless,2.0,3.0,1.5,0.1,0.5,3.0,0.041,1.0,weekdays,7.0,False,4.0,390,0,0,1.8803787231445312,500,5726,458,11.452,1,88
min_entropy,500.0,5,memory,2.0,3.0,1.5,0.1,0.5,3.0,0.041,1.0,weekdays,7.0,False,4.0,391,0,0,1.0486035346984863,500,2500,1,5.0,5,5
med_entropy,500.0,5,memory,2.0,3.0,1.5,0.1,0.5,3.0,0.041,1.0,weekdays,7.0,False,4.0,392,0,0,2.791266918182373,500,2237,198,4.474,1,30
max_entropy,500.0,5,memory,2.0,3.0,1.5,0.1,0.5,3.0,0.041,1.0,weekdays,7.0,False,4.0,393,0,0,2.472960948944092,500,2839,348,5.678,1,27
min_entropy,500.0,10,memory,2.0,3.0,1.5,0.1,0.5,3.0,0.041,1.0,weekdays,7.0,False,4.0,394,0,0,1.7051167488098145,500,5000,1,10.0,10,10
med_entropy,500.0,10,memory,2.0,3.0,1.5,0.1,0.5,3.0,0.041,1.0,weekdays,7.0,False,4.0,395,0,0,6.97220516204834,500,2987,357,5.974,1,35
max_entropy,500.0,10,memory,2.0,3.0,1.5,0.1,0.5,3.0,0.041,1.0,weekdays,7.0,False,4.0,396,0,0,7.114728212356567,500,5335,451,10.67,1,61
min_entropy,500.0,5,memoryless,4.0,3.0,1.5,0.1,0.5,3.0,0.041,1.0,weekdays,7.0,False,4.0,397,0,0,1.0449862480163574,500,2500,1,5.0,5,5
med_entropy,500.0,5,memoryless,4.0,3.0,1.5,0.1,0.5,3.0,0.041,1.0,weekdays,7.0,False,4.0,398,0,0,0.864199161529541,500,1769,216,3.538,1,24
max_entropy,500.0,5,memoryless,4.0,3.0,1.5,0.1,0.5,3.0,0.041,1.0,weekdays,7.0,False,4.0,399,0,0,1.153259515762329,500,2933,344,5.866,1,30
min_entropy,500.0,10,memoryless,4.0,3.0,1.5,0.1,0.5,3.0,0.041,1.0,weekdays,7.0,False,4.0,400,0,0,1.6891634464263916,500,5000,1,10.0,10,10
med_entropy,500.0,10,memoryless,4.0,3.0,1.5,0.1,0.5,3.0,0.041,1.0,weekdays,7.0,False,4.0,401,0,0,1.5416529178619385,500,4299,368,8.598,1,60
max_entropy,500.0,10,memoryless,4.0,3.0,1.5,0.1,0.5,3.0,0.041,1.0,weekdays,7.0,False,4.0,402,0,0,1.877399206161499,500,5730,450,11.46,1,79
min_entropy,500.0,5,memory,4.0,3.0,1.5,0.1,0.5,3.0,0.041,1.0,weekdays,7.0,False,4.0,403,0,0,1.0383594036102295,500,2500,1,5.0,5,5
med_entropy,500.0,5,memory,4.0,3.0,1.5,0.1,0.5,3.0,0.041,1.0,weekdays,7.0,False,4.0,404,0,0,24.951509952545166,500,4790,273,9.58,1,78
max_entropy,500.0,5,memory,4.0,3.0,1.5,0.1,0.5,3.0,0.041,1.0,weekdays,7.0,False,4.0,405,0,0,34.785038471221924,500,2831,320,5.662,1,27
min_entropy,500.0,10,memory,4.0,3.0,1.5,0.1,0.5,3.0,0.041,1.0,weekdays,7.0,False,4.0,406,0,0,1.6881687641143799,500,5000,1,10.0,10,10
med_entropy,500.0,10,memory,4.0,3.0,1.5,0.1,0.5,3.0,0.041,1.0,weekdays,7.0,False,4.0,407,0,0,502.89825963974,500,7538,415,15.076,1,85
max_entropy,500.0,10,memory,4.0,3.0,1.5,0.1,0.5,3.0,0.041,1.0,weekdays,7.0,False,4.0,408,0,0,480.2953128814697,500,5577,462,11.154,1,61
min_entropy,500.0,5,memoryless,2.0,5.0,1.5,0.1,0.5,3.0,0.041,1.0,weekdays,7.0,False,4.0,409,0,0,1.0370399951934814,500,2500,1,5.0,5,5
med_entropy,500.0,5,memoryless,2.0,5.0,1.5,0.1,0.5,3.0,0.041,1.0,weekdays,7.0,False,4.0,410,0,0,1.027923583984375,500,2426,270,4.852,1,24
max_entropy,500.0,5,memoryless,2.0,5.0,1.5,0.1,0.5,3.0,0.041,1.0,weekdays,7.0,False,4.0,411,0,0,1.1527631282806396,500,2976,349,5.952,1,44
min_entropy,500.0,10,memoryless,2.0,5.0,1.5,0.1,0.5,3.0,0.041,1.0,weekdays,7.0,False,4.0,412,0,0,1.6716241836547852,500,5000,1,10.0,10,10
med_entropy,500.0,10,memoryless,2.0,5.0,1.5,0.1,0.5,3.0,0.041,1.0,weekdays,7.0,False,4.0,413,0,0,1.1701467037200928,500,2952,353,5.904,1,38
max_entropy,500.0,10,memoryless,2.0,5.0,1.5,0.1,0.5,3.0,0.041,1.0,weekdays,7.0,False,4.0,414,0,0,1.6449596881866455,500,4821,438,9.642,1,47
min_entropy,500.0,5,memory,2.0,5.0,1.5,0.1,0.5,3.0,0.041,1.0,weekdays,7.0,False,4.0,415,0,0,1.0499529838562012,500,2500,1,5.0,5,5
med_entropy,500.0,5,memory,2.0,5.0,1.5,0.1,0.5,3.0,0.041,1.0,weekdays,7.0,False,4.0,416,0,0,2.2538726329803467,500,2450,233,4.9,1,21
max_entropy,500.0,5,memory,2.0,5.0,1.5,0.1,0.5,3.0,0.041,1.0,weekdays,7.0,False,4.0,417,0,0,2.7326598167419434,500,3782,384,7.564,1,36
min_entropy,500.0,10,memory,2.0,5.0,1.5,0.1,0.5,3.0,0.041,1.0,weekdays,7.0,False,4.0,418,0,0,1.6851892471313477,500,5000,1,10.0,10,10
med_entropy,500.0,10,memory,2.0,5.0,1.5,0.1,0.5,3.0,0.041,1.0,weekdays,7.0,False,4.0,419,0,0,7.391030788421631,500,4219,383,8.438,1,49
max_entropy,500.0,10,memory,2.0,5.0,1.5,0.1,0.5,3.0,0.041,1.0,weekdays,7.0,False,4.0,420,0,0,7.118224859237671,500,5256,435,10.512,1,53
min_entropy,500.0,5,memoryless,4.0,5.0,1.5,0.1,0.5,3.0,0.041,1.0,weekdays,7.0,False,4.0,421,0,0,1.0439929962158203,500,2500,1,5.0,5,5
med_entropy,500.0,5,memoryless,4.0,5.0,1.5,0.1,0.5,3.0,0.041,1.0,weekdays,7.0,False,4.0,422,0,0,0.8805897235870361,500,1842,232,3.684,1,16
max_entropy,500.0,5,memoryless,4.0,5.0,1.5,0.1,0.5,3.0,0.041,1.0,weekdays,7.0,False,4.0,423,0,0,1.2411699295043945,500,3284,358,6.568,1,46
min_entropy,500.0,10,memoryless,4.0,5.0,1.5,0.1,0.5,3.0,0.041,1.0,weekdays,7.0,False,4.0,424,0,0,1.6911497116088867,500,5000,1,10.0,10,10
med_entropy,500.0,10,memoryless,4.0,5.0,1.5,0.1,0.5,3.0,0.041,1.0,weekdays,7.0,False,4.0,425,0,0,1.5197999477386475,500,4370,389,8.74,1,51
max_entropy,500.0,10,memoryless,4.0,5.0,1.5,0.1,0.5,3.0,0.041,1.0,weekdays,7.0,False,4.0,426,0,0,1.7572062015533447,500,5211,465,10.422,1,57
min_entropy,500.0,5,memory,4.0,5.0,1.5,0.1,0.5,3.0,0.041,1.0,weekdays,7.0,False,4.0,427,0,0,1.0424187183380127,500,2500,1,5.0,5,5
med_entropy,500.0,5,memory,4.0,5.0,1.5,0.1,0.5,3.0,0.041,1.0,weekdays,7.0,False,4.0,428,0,0,35.2270712852478,500,2780,334,5.56,1,36
max_entropy,500.0,5,memory,4.0,5.0,1.5,0.1,0.5,3.0,0.041,1.0,weekdays,7.0,False,4.0,429,0,0,26.21753978729248,500,3045,357,6.09,1,44
min_entropy,500.0,10,memory,4.0,5.0,1.5,0.1,0.5,3.0,0.041,1.0,weekdays,7.0,False,4.0,430,0,0,1.6912267208099365,500,5000,1,10.0,10,10
med_entropy,500.0,10,memory,4.0,5.0,1.5,0.1,0.5,3.0,0.041,1.0,weekdays,7.0,False,4.0,431,0,0,486.1313142776489,500,5495,439,10.99,1,53
max_entropy,500.0,10,memory,4.0,5.0,1.5,0.1,0.5,3.0,0.041,1.0,weekdays,7.0,False,4.0,432,0,0,493.25096821784973,500,5575,469,11.15,1,69
min_entropy,500.0,5,memoryless,2.0,3.0,1.5,0.1,0.5,3.0,0.041,5.0,weekdays,7.0,False,4.0,433,0,0,1.0459790229797363,500,2500,1,5.0,5,5
med_entropy,500.0,5,memoryless,2.0,3.0,1.5,0.1,0.5,3.0,0.041,5.0,weekdays,7.0,False,4.0,434,0,0,1.0012457370758057,500,2301,278,4.602,1,24
max_entropy,500.0,5,memoryless,2.0,3.0,1.5,0.1,0.5,3.0,0.041,5.0,weekdays,7.0,False,4.0,435,0,0,1.1562368869781494,500,2977,371,5.954,1,30
min_entropy,500.0,10,memoryless,2.0,3.0,1.5,0.1,0.5,3.0,0.041,5.0,weekdays,7.0,False,4.0,436,0,0,1.6971075534820557,500,5000,1,10.0,10,10
med_entropy,500.0,10,memoryless,2.0,3.0,1.5,0.1,0.5,3.0,0.041,5.0,weekdays,7.0,False,4.0,437,0,0,1.524766445159912,500,4374,408,8.748,1,52
max_entropy,500.0,10,memoryless,2.0,3.0,1.5,0.1,0.5,3.0,0.041,5.0,weekdays,7.0,False,4.0,438,0,0,1.790482521057129,500,5396,452,10.792,1,78
min_entropy,500.0,5,memory,2.0,3.0,1.5,0.1,0.5,3.0,0.041,5.0,weekdays,7.0,False,4.0,439,0,0,1.0415103435516357,500,2500,1,5.0,5,5
med_entropy,500.0,5,memory,2.0,3.0,1.5,0.1,0.5,3.0,0.041,5.0,weekdays,7.0,False,4.0,440,0,0,659.1336855888367,500,500,3,1.0,1,1
max_entropy,500.0,5,memory,2.0,3.0,1.5,0.1,0.5,3.0,0.041,5.0,weekdays,7.0,False,4.0,441,0,0,2.6864702701568604,500,2987,366,5.974,1,44
min_entropy,500.0,10,memory,2.0,3.0,1.5,0.1,0.5,3.0,0.041,5.0,weekdays,7.0,False,4.0,442,0,0,1.6777396202087402,500,5000,1,10.0,10,10
med_entropy,500.0,10,memory,2.0,3.0,1.5,0.1,0.5,3.0,0.041,5.0,weekdays,7.0,False,4.0,443,0,0,6.8202245235443115,500,4399,415,8.798,1,51
max_entropy,500.0,10,memory,2.0,3.0,1.5,0.1,0.5,3.0,0.041,5.0,weekdays,7.0,False,4.0,444,0,0,6.938432693481445,500,5383,451,10.766,1,55
min_entropy,500.0,5,memoryless,4.0,3.0,1.5,0.1,0.5,3.0,0.041,5.0,weekdays,7.0,False,4.0,445,0,0,1.0350539684295654,500,2500,1,5.0,5,5
med_entropy,500.0,5,memoryless,4.0,3.0,1.5,0.1,0.5,3.0,0.041,5.0,weekdays,7.0,False,4.0,446,0,0,0.9709866046905518,500,2180,263,4.36,1,22
max_entropy,500.0,5,memoryless,4.0,3.0,1.5,0.1,0.5,3.0,0.041,5.0,weekdays,7.0,False,4.0,447,0,0,1.211869478225708,500,3200,365,6.4,1,35
min_entropy,500.0,10,memoryless,4.0,3.0,1.5,0.1,0.5,3.0,0.041,5.0,weekdays,7.0,False,4.0,448,0,0,1.687175989151001,500,5000,1,10.0,10,10
med_entropy,500.0,10,memoryless,4.0,3.0,1.5,0.1,0.5,3.0,0.041,5.0,weekdays,7.0,False,4.0,449,0,0,1.3107030391693115,500,3525,383,7.05,1,34
max_entropy,500.0,10,memoryless,4.0,3.0,1.5,0.1,0.5,3.0,0.041,5.0,weekdays,7.0,False,4.0,450,0,0,1.850083351135254,500,5672,436,11.344,1,59
min_entropy,500.0,5,memory,4.0,3.0,1.5,0.1,0.5,3.0,0.041,5.0,weekdays,7.0,False,4.0,451,0,0,1.0916728973388672,500,2500,1,5.0,5,5
med_entropy,500.0,5,memory,4.0,3.0,1.5,0.1,0.5,3.0,0.041,5.0,weekdays,7.0,False,4.0,452,0,0,26.723644495010376,500,2255,284,4.51,1,20
max_entropy,500.0,5,memory,4.0,3.0,1.5,0.1,0.5,3.0,0.041,5.0,weekdays,7.0,False,4.0,453,0,0,27.85703706741333,500,3026,352,6.052,1,52
min_entropy,500.0,10,memory,4.0,3.0,1.5,0.1,0.5,3.0,0.041,5.0,weekdays,7.0,False,4.0,454,0,0,1.690652847290039,500,5000,1,10.0,10,10
med_entropy,500.0,10,memory,4.0,3.0,1.5,0.1,0.5,3.0,0.041,5.0,weekdays,7.0,False,4.0,455,0,0,438.9847297668457,500,3259,394,6.518,1,39
max_entropy,500.0,10,memory,4.0,3.0,1.5,0.1,0.5,3.0,0.041,5.0,weekdays,7.0,False,4.0,456,0,0,428.0823984146118,500,5178,457,10.356,1,50
min_entropy,500.0,5,memoryless,2.0,5.0,1.5,0.1,0.5,3.0,0.041,5.0,weekdays,7.0,False,4.0,457,0,0,1.0415105819702148,500,2500,1,5.0,5,5
med_entropy,500.0,5,memoryless,2.0,5.0,1.5,0.1,0.5,3.0,0.041,5.0,weekdays,7.0,False,4.0,458,0,0,0.9461507797241211,500,2127,250,4.254,1,25
max_entropy,500.0,5,memoryless,2.0,5.0,1.5,0.1,0.5,3.0,0.041,5.0,weekdays,7.0,False,4.0,459,0,0,1.211366891860962,500,3150,360,6.3,1,46
min_entropy,500.0,10,memoryless,2.0,5.0,1.5,0.1,0.5,3.0,0.041,5.0,weekdays,7.0,False,4.0,460,0,0,1.6832027435302734,500,5000,1,10.0,10,10
med_entropy,500.0,10,memoryless,2.0,5.0,1.5,0.1,0.5,3.0,0.041,5.0,weekdays,7.0,False,4.0,461,0,0,1.754723072052002,500,5224,365,10.448,1,77
max_entropy,500.0,10,memoryless,2.0,5.0,1.5,0.1,0.5,3.0,0.041,5.0,weekdays,7.0,False,4.0,462,0,0,1.7865080833435059,500,5348,452,10.696,1,57
min_entropy,500.0,5,memory,2.0,5.0,1.5,0.1,0.5,3.0,0.041,5.0,weekdays,7.0,False,4.0,463,0,0,1.0474705696105957,500,2500,1,5.0,5,5
med_entropy,500.0,5,memory,2.0,5.0,1.5,0.1,0.5,3.0,0.041,5.0,weekdays,7.0,False,4.0,464,0,0,3.41160249710083,500,2528,256,5.056,1,29
max_entropy,500.0,5,memory,2.0,5.0,1.5,0.1,0.5,3.0,0.041,5.0,weekdays,7.0,False,4.0,465,0,0,2.542931318283081,500,3990,381,7.98,1,48
min_entropy,500.0,10,memory,2.0,5.0,1.5,0.1,0.5,3.0,0.041,5.0,weekdays,7.0,False,4.0,466,0,0,1.6807188987731934,500,5000,1,10.0,10,10
med_entropy,500.0,10,memory,2.0,5.0,1.5,0.1,0.5,3.0,0.041,5.0,weekdays,7.0,False,4.0,467,0,0,7.005485773086548,500,5943,433,11.886,1,65
max_entropy,500.0,10,memory,2.0,5.0,1.5,0.1,0.5,3.0,0.041,5.0,weekdays,7.0,False,4.0,468,0,0,7.587077379226685,500,5845,462,11.69,1,62
min_entropy,500.0,5,memoryless,4.0,5.0,1.5,0.1,0.5,3.0,0.041,5.0,weekdays,7.0,False,4.0,469,0,0,1.0484633445739746,500,2500,1,5.0,5,5
med_entropy,500.0,5,memoryless,4.0,5.0,1.5,0.1,0.5,3.0,0.041,5.0,weekdays,7.0,False,4.0,470,0,0,0.9560823440551758,500,2162,268,4.324,1,35
max_entropy,500.0,5,memoryless,4.0,5.0,1.5,0.1,0.5,3.0,0.041,5.0,weekdays,7.0,False,4.0,471,0,0,1.1607067584991455,500,2955,348,5.91,1,43
min_entropy,500.0,10,memoryless,4.0,5.0,1.5,0.1,0.5,3.0,0.041,5.0,weekdays,7.0,False,4.0,472,0,0,1.6772451400756836,500,5000,1,10.0,10,10
med_entropy,500.0,10,memoryless,4.0,5.0,1.5,0.1,0.5,3.0,0.041,5.0,weekdays,7.0,False,4.0,473,0,0,1.571453332901001,500,4502,409,9.004,1,42
max_entropy,500.0,10,memoryless,4.0,5.0,1.5,0.1,0.5,3.0,0.041,5.0,weekdays,7.0,False,4.0,474,0,0,1.7393264770507812,500,5230,452,10.46,1,98
min_entropy,500.0,5,memory,4.0,5.0,1.5,0.1,0.5,3.0,0.041,5.0,weekdays,7.0,False,4.0,475,0,0,1.0723028182983398,500,2500,1,5.0,5,5
med_entropy,500.0,5,memory,4.0,5.0,1.5,0.1,0.5,3.0,0.041,5.0,weekdays,7.0,False,4.0,476,0,0,33.20812249183655,500,3169,309,6.338,1,42
max_entropy,500.0,5,memory,4.0,5.0,1.5,0.1,0.5,3.0,0.041,5.0,weekdays,7.0,False,4.0,477,0,0,29.86009168624878,500,2630,305,5.26,1,33
min_entropy,500.0,10,memory,4.0,5.0,1.5,0.1,0.5,3.0,0.041,5.0,weekdays,7.0,False,4.0,478,0,0,1.6822090148925781,500,5000,1,10.0,10,10
med_entropy,500.0,10,memory,4.0,5.0,1.5,0.1,0.5,3.0,0.041,5.0,weekdays,7.0,False,4.0,479,0,0,529.3554303646088,500,9662,413,19.324,1,95
max_entropy,500.0,10,memory,4.0,5.0,1.5,0.1,0.5,3.0,0.041,5.0,weekdays,7.0,False,4.0,480,0,0,487.87559485435486,500,5760,456,11.52,1,73
min_entropy,500.0,5,memoryless,2.0,3.0,1.5,0.1,0.5,3.0,0.041,1.0,weekdays,7.0,False,5.0,481,0,0,1.0459790229797363,500,2500,1,5.0,5,5
med_entropy,500.0,5,memoryless,2.0,3.0,1.5,0.1,0.5,3.0,0.041,1.0,weekdays,7.0,False,5.0,482,0,0,1.1016063690185547,500,2741,304,5.482,1,24
max_entropy,500.0,5,memoryless,2.0,3.0,1.5,0.1,0.5,3.0,0.041,1.0,weekdays,7.0,False,5.0,483,0,0,1.127929925918579,500,2829,343,5.658,1,44
min_entropy,500.0,10,memoryless,2.0,3.0,1.5,0.1,0.5,3.0,0.041,1.0,weekdays,7.0,False,5.0,484,0,0,1.6946265697479248,500,5000,1,10.0,10,10
med_entropy,500.0,10,memoryless,2.0,3.0,1.5,0.1,0.5,3.0,0.041,1.0,weekdays,7.0,False,5.0,485,0,0,1.7437965869903564,500,5244,396,10.488,1,55
max_entropy,500.0,10,memoryless,2.0,3.0,1.5,0.1,0.5,3.0,0.041,1.0,weekdays,7.0,False,5.0,486,0,0,1.7656524181365967,500,5298,443,10.596,1,74
min_entropy,500.0,5,memory,2.0,3.0,1.5,0.1,0.5,3.0,0.041,1.0,weekdays,7.0,False,5.0,487,0,0,1.0400183200836182,500,2500,1,5.0,5,5
med_entropy,500.0,5,memory,2.0,3.0,1.5,0.1,0.5,3.0,0.041,1.0,weekdays,7.0,False,5.0,488,0,0,2.544419527053833,500,5628,375,11.256,1,70
max_entropy,500.0,5,memory,2.0,3.0,1.5,0.1,0.5,3.0,0.041,1.0,weekdays,7.0,False,5.0,489,0,0,2.7927560806274414,500,3211,376,6.422,1,33
min_entropy,500.0,10,memory,2.0,3.0,1.5,0.1,0.5,3.0,0.041,1.0,weekdays,7.0,False,5.0,490,0,0,1.6837000846862793,500,5000,1,10.0,10,10
med_entropy,500.0,10,memory,2.0,3.0,1.5,0.1,0.5,3.0,0.041,1.0,weekdays,7.0,False,5.0,491,0,0,7.786739110946655,500,3532,374,7.064,1,53
max_entropy,500.0,10,memory,2.0,3.0,1.5,0.1,0.5,3.0,0.041,1.0,weekdays,7.0,False,5.0,492,0,0,7.199182510375977,500,6097,435,12.194,1,85
min_entropy,500.0,5,memoryless,4.0,3.0,1.5,0.1,0.5,3.0,0.041,1.0,weekdays,7.0,False,5.0,493,0,0,1.0395233631134033,500,2500,1,5.0,5,5
med_entropy,500.0,5,memoryless,4.0,3.0,1.5,0.1,0.5,3.0,0.041,1.0,weekdays,7.0,False,5.0,494,0,0,1.029090404510498,500,2435,274,4.87,1,30
max_entropy,500.0,5,memoryless,4.0,3.0,1.5,0.1,0.5,3.0,0.041,1.0,weekdays,7.0,False,5.0,495,0,0,1.181570291519165,500,3057,355,6.114,1,32
min_entropy,500.0,10,memoryless,4.0,3.0,1.5,0.1,0.5,3.0,0.041,1.0,weekdays,7.0,False,5.0,496,0,0,1.674760103225708,500,5000,1,10.0,10,10
med_entropy,500.0,10,memoryless,4.0,3.0,1.5,0.1,0.5,3.0,0.041,1.0,weekdays,7.0,False,5.0,497,0,0,1.3891794681549072,500,3787,377,7.574,1,37
max_entropy,500.0,10,memoryless,4.0,3.0,1.5,0.1,0.5,3.0,0.041,1.0,weekdays,7.0,False,5.0,498,0,0,1.8585262298583984,500,5611,448,11.222,1,102
min_entropy,500.0,5,memory,4.0,3.0,1.5,0.1,0.5,3.0,0.041,1.0,weekdays,7.0,False,5.0,499,0,0,1.0375359058380127,500,2500,1,5.0,5,5
med_entropy,500.0,5,memory,4.0,3.0,1.5,0.1,0.5,3.0,0.041,1.0,weekdays,7.0,False,5.0,500,0,0,28.246419429779053,500,2934,243,5.868,1,48
max_entropy,500.0,5,memory,4.0,3.0,1.5,0.1,0.5,3.0,0.041,1.0,weekdays,7.0,False,5.0,501,0,0,35.74956393241882,500,3130,369,6.26,1,27
min_entropy,500.0,10,memory,4.0,3.0,1.5,0.1,0.5,3.0,0.041,1.0,weekdays,7.0,False,5.0,502,0,0,1.6871767044067383,500,5000,1,10.0,10,10
med_entropy,500.0,10,memory,4.0,3.0,1.5,0.1,0.5,3.0,0.041,1.0,weekdays,7.0,False,5.0,503,0,0,462.56356930732727,500,3261,391,6.522,1,33
max_entropy,500.0,10,memory,4.0,3.0,1.5,0.1,0.5,3.0,0.041,1.0,weekdays,7.0,False,5.0,504,0,0,424.9749598503113,500,5254,430,10.508,1,89
min_entropy,500.0,5,memoryless,2.0,5.0,1.5,0.1,0.5,3.0,0.041,1.0,weekdays,7.0,False,5.0,505,0,0,1.0434470176696777,500,2500,1,5.0,5,5
med_entropy,500.0,5,memoryless,2.0,5.0,1.5,0.1,0.5,3.0,0.041,1.0,weekdays,7.0,False,5.0,506,0,0,1.0390257835388184,500,2469,276,4.938,1,29
max_entropy,500.0,5,memoryless,2.0,5.0,1.5,0.1,0.5,3.0,0.041,1.0,weekdays,7.0,False,5.0,507,0,0,1.1567366123199463,500,2944,346,5.888,1,28
min_entropy,500.0,10,memoryless,2.0,5.0,1.5,0.1,0.5,3.0,0.041,1.0,weekdays,7.0,False,5.0,508,0,0,1.6876730918884277,500,5000,1,10.0,10,10
med_entropy,500.0,10,memoryless,2.0,5.0,1.5,0.1,0.5,3.0,0.041,1.0,weekdays,7.0,False,5.0,509,0,0,1.646449327468872,500,4862,391,9.724,1,50
max_entropy,500.0,10,memoryless,2.0,5.0,1.5,0.1,0.5,3.0,0.041,1.0,weekdays,7.0,False,5.0,510,0,0,1.8237605094909668,500,5472,445,10.944,1,78
min_entropy,500.0,5,memory,2.0,5.0,1.5,0.1,0.5,3.0,0.041,1.0,weekdays,7.0,False,5.0,511,0,0,1.0459401607513428,500,2500,1,5.0,5,5
med_entropy,500.0,5,memory,2.0,5.0,1.5,0.1,0.5,3.0,0.041,1.0,weekdays,7.0,False,5.0,512,0,0,2.8101394176483154,500,5671,334,11.342,1,85
max_entropy,500.0,5,memory,2.0,5.0,1.5,0.1,0.5,3.0,0.041,1.0,weekdays,7.0,False,5.0,513,0,0,2.4386329650878906,500,3076,373,6.152,1,29
min_entropy,500.0,10,memory,2.0,5.0,1.5,0.1,0.5,3.0,0.041,1.0,weekdays,7.0,False,5.0,514,0,0,1.6896603107452393,500,5000,1,10.0,10,10
med_entropy,500.0,10,memory,2.0,5.0,1.5,0.1,0.5,3.0,0.041,1.0,weekdays,7.0,False,5.0,515,0,0,7.262022018432617,500,4133,379,8.266,1,55
max_entropy,500.0,10,memory,2.0,5.0,1.5,0.1,0.5,3.0,0.041,1.0,weekdays,7.0,False,5.0,516,0,0,7.155972003936768,500,4995,439,9.99,1,63
min_entropy,500.0,5,memoryless,4.0,5.0,1.5,0.1,0.5,3.0,0.041,1.0,weekdays,7.0,False,5.0,517,0,0,1.0425031185150146,500,2500,1,5.0,5,5
med_entropy,500.0,5,memoryless,4.0,5.0,1.5,0.1,0.5,3.0,0.041,1.0,weekdays,7.0,False,5.0,518,0,0,1.1280457973480225,500,2861,316,5.722,1,27
max_entropy,500.0,5,memoryless,4.0,5.0,1.5,0.1,0.5,3.0,0.041,1.0,weekdays,7.0,False,5.0,519,0,0,1.1830615997314453,500,3013,361,6.026,1,34
min_entropy,500.0,10,memoryless,4.0,5.0,1.5,0.1,0.5,3.0,0.041,1.0,weekdays,7.0,False,5.0,520,0,0,1.702075481414795,500,5000,1,10.0,10,10
med_entropy,500.0,10,memoryless,4.0,5.0,1.5,0.1,0.5,3.0,0.041,1.0,weekdays,7.0,False,5.0,521,0,0,1.553572177886963,500,4458,384,8.916,1,69
max_entropy,500.0,10,memoryless,4.0,5.0,1.5,0.1,0.5,3.0,0.041,1.0,weekdays,7.0,False,5.0,522,0,0,1.8878295421600342,500,5654,463,11.308,1,94
min_entropy,500.0,5,memory,4.0,5.0,1.5,0.1,0.5,3.0,0.041,1.0,weekdays,7.0,False,5.0,523,0,0,1.0564098358154297,500,2500,1,5.0,5,5
med_entropy,500.0,5,memory,4.0,5.0,1.5,0.1,0.5,3.0,0.041,1.0,weekdays,7.0,False,5.0,524,0,0,78.43715310096741,500,9627,278,19.254,1,166
max_entropy,500.0,5,memory,4.0,5.0,1.5,0.1,0.5,3.0,0.041,1.0,weekdays,7.0,False,5.0,525,0,0,35.65556359291077,500,2958,346,5.916,1,40
min_entropy,500.0,10,memory,4.0,5.0,1.5,0.1,0.5,3.0,0.041,1.0,weekdays,7.0,False,5.0,526,0,0,1.6866798400878906,500,5000,1,10.0,10,10
med_entropy,500.0,10,memory,4.0,5.0,1.5,0.1,0.5,3.0,0.041,1.0,weekdays,7.0,False,5.0,527,0,0,431.9894938468933,500,6208,423,12.416,1,93
max_entropy,500.0,10,memory,4.0,5.0,1.5,0.1,0.5,3.0,0.041,1.0,weekdays,7.0,False,5.0,528,0,0,436.7151427268982,500,5739,446,11.478,1,69
min_entropy,500.0,5,memoryless,2.0,3.0,1.5,0.1,0.5,3.0,0.041,5.0,weekdays,7.0,False,5.0,529,0,0,1.0390255451202393,500,2500,1,5.0,5,5
med_entropy,500.0,5,memoryless,2.0,3.0,1.5,0.1,0.5,3.0,0.041,5.0,weekdays,7.0,False,5.0,530,0,0,1.0261132717132568,500,2398,267,4.796,1,30
max_entropy,500.0,5,memoryless,2.0,3.0,1.5,0.1,0.5,3.0,0.041,5.0,weekdays,7.0,False,5.0,531,0,0,1.1497833728790283,500,2946,362,5.892,1,37
min_entropy,500.0,10,memoryless,2.0,3.0,1.5,0.1,0.5,3.0,0.041,5.0,weekdays,7.0,False,5.0,532,0,0,1.6727728843688965,500,5000,1,10.0,10,10
med_entropy,500.0,10,memoryless,2.0,3.0,1.5,0.1,0.5,3.0,0.041,5.0,weekdays,7.0,False,5.0,533,0,0,1.5649964809417725,500,4459,395,8.918,1,54
max_entropy,500.0,10,memoryless,2.0,3.0,1.5,0.1,0.5,3.0,0.041,5.0,weekdays,7.0,False,5.0,534,0,0,1.9081931114196777,500,5803,453,11.606,1,131
min_entropy,500.0,5,memory,2.0,3.0,1.5,0.1,0.5,3.0,0.041,5.0,weekdays,7.0,False,5.0,535,0,0,1.0383992195129395,500,2500,1,5.0,5,5
med_entropy,500.0,5,memory,2.0,3.0,1.5,0.1,0.5,3.0,0.041,5.0,weekdays,7.0,False,5.0,536,0,0,2.5469210147857666,500,2396,261,4.792,1,22
max_entropy,500.0,5,memory,2.0,3.0,1.5,0.1,0.5,3.0,0.041,5.0,weekdays,7.0,False,5.0,537,0,0,2.3631725311279297,500,2725,331,5.45,1,33
min_entropy,500.0,10,memory,2.0,3.0,1.5,0.1,0.5,3.0,0.041,5.0,weekdays,7.0,False,5.0,538,0,0,1.6876728534698486,500,5000,1,10.0,10,10
med_entropy,500.0,10,memory,2.0,3.0,1.5,0.1,0.5,3.0,0.041,5.0,weekdays,7.0,False,5.0,539,0,0,9.161015510559082,500,11282,465,22.564,1,121
max_entropy,500.0,10,memory,2.0,3.0,1.5,0.1,0.5,3.0,0.041,5.0,weekdays,7.0,False,5.0,540,0,0,7.46194863319397,500,5922,451,11.844,1,71
min_entropy,500.0,5,memoryless,4.0,3.0,1.5,0.1,0.5,3.0,0.041,5.0,weekdays,7.0,False,5.0,541,0,0,1.0434966087341309,500,2500,1,5.0,5,5
med_entropy,500.0,5,memoryless,4.0,3.0,1.5,0.1,0.5,3.0,0.041,5.0,weekdays,7.0,False,5.0,542,0,0,0.8226025104522705,500,1636,204,3.272,1,28
max_entropy,500.0,5,memoryless,4.0,3.0,1.5,0.1,0.5,3.0,0.041,5.0,weekdays,7.0,False,5.0,543,0,0,1.1944823265075684,500,3077,363,6.154,1,31
min_entropy,500.0,10,memoryless,4.0,3.0,1.5,0.1,0.5,3.0,0.041,5.0,weekdays,7.0,False,5.0,544,0,0,1.673766851425171,500,5000,1,10.0,10,10
med_entropy,500.0,10,memoryless,4.0,3.0,1.5,0.1,0.5,3.0,0.041,5.0,weekdays,7.0,False,5.0,545,0,0,1.358879566192627,500,3752,382,7.504,1,61
max_entropy,500.0,10,memoryless,4.0,3.0,1.5,0.1,0.5,3.0,0.041,5.0,weekdays,7.0,False,5.0,546,0,0,1.8808767795562744,500,5745,446,11.49,1,84
min_entropy,500.0,5,memory,4.0,3.0,1.5,0.1,0.5,3.0,0.041,5.0,weekdays,7.0,False,5.0,547,0,0,1.0607106685638428,500,2500,1,5.0,5,5
med_entropy,500.0,5,memory,4.0,3.0,1.5,0.1,0.5,3.0,0.041,5.0,weekdays,7.0,False,5.0,548,0,0,24.669926404953003,500,2513,273,5.026,1,29
max_entropy,500.0,5,memory,4.0,3.0,1.5,0.1,0.5,3.0,0.041,5.0,weekdays,7.0,False,5.0,549,0,0,29.526392936706543,500,2988,345,5.976,1,35
min_entropy,500.0,10,memory,4.0,3.0,1.5,0.1,0.5,3.0,0.041,5.0,weekdays,7.0,False,5.0,550,0,0,1.678771734237671,500,5000,1,10.0,10,10
med_entropy,500.0,10,memory,4.0,3.0,1.5,0.1,0.5,3.0,0.041,5.0,weekdays,7.0,False,5.0,551,0,0,469.455543756485,500,6838,429,13.676,1,68
max_entropy,500.0,10,memory,4.0,3.0,1.5,0.1,0.5,3.0,0.041,5.0,weekdays,7.0,False,5.0,552,0,0,496.9354815483093,500,4801,430,9.602,1,67
min_entropy,500.0,5,memoryless,2.0,5.0,1.5,0.1,0.5,3.0,0.041,5.0,weekdays,7.0,False,5.0,553,0,0,1.039027214050293,500,2500,1,5.0,5,5
med_entropy,500.0,5,memoryless,2.0,5.0,1.5,0.1,0.5,3.0,0.041,5.0,weekdays,7.0,False,5.0,554,0,0,0.9262833595275879,500,2015,239,4.03,1,23
max_entropy,500.0,5,memoryless,2.0,5.0,1.5,0.1,0.5,3.0,0.041,5.0,weekdays,7.0,False,5.0,555,0,0,1.20798659324646,500,3154,363,6.308,1,38
min_entropy,500.0,10,memoryless,2.0,5.0,1.5,0.1,0.5,3.0,0.041,5.0,weekdays,7.0,False,5.0,556,0,0,1.679229736328125,500,5000,1,10.0,10,10
med_entropy,500.0,10,memoryless,2.0,5.0,1.5,0.1,0.5,3.0,0.041,5.0,weekdays,7.0,False,5.0,557,0,0,1.4110298156738281,500,3935,361,7.87,1,51
max_entropy,500.0,10,memoryless,2.0,5.0,1.5,0.1,0.5,3.0,0.041,5.0,weekdays,7.0,False,5.0,558,0,0,1.82379150390625,500,5513,448,11.026,1,65
min_entropy,500.0,5,memory,2.0,5.0,1.5,0.1,0.5,3.0,0.041,5.0,weekdays,7.0,False,5.0,559,0,0,1.0573599338531494,500,2500,1,5.0,5,5
med_entropy,500.0,5,memory,2.0,5.0,1.5,0.1,0.5,3.0,0.041,5.0,weekdays,7.0,False,5.0,560,0,0,2.5443177223205566,500,3425,318,6.85,1,60
max_entropy,500.0,5,memory,2.0,5.0,1.5,0.1,0.5,3.0,0.041,5.0,weekdays,7.0,False,5.0,561,0,0,2.7604730129241943,500,2849,321,5.698,1,51
min_entropy,500.0,10,memory,2.0,5.0,1.5,0.1,0.5,3.0,0.041,5.0,weekdays,7.0,False,5.0,562,0,0,1.6886663436889648,500,5000,1,10.0,10,10
med_entropy,500.0,10,memory,2.0,5.0,1.5,0.1,0.5,3.0,0.041,5.0,weekdays,7.0,False,5.0,563,0,0,6.916579484939575,500,6570,425,13.14,1,56
max_entropy,500.0,10,memory,2.0,5.0,1.5,0.1,0.5,3.0,0.041,5.0,weekdays,7.0,False,5.0,564,0,0,7.336758375167847,500,4785,447,9.57,1,67
min_entropy,500.0,5,memoryless,4.0,5.0,1.5,0.1,0.5,3.0,0.041,5.0,weekdays,7.0,False,5.0,565,0,0,1.0449864864349365,500,2500,1,5.0,5,5
med_entropy,500.0,5,memoryless,4.0,5.0,1.5,0.1,0.5,3.0,0.041,5.0,weekdays,7.0,False,5.0,566,0,0,0.8959863185882568,500,1884,236,3.768,1,21
max_entropy,500.0,5,memoryless,4.0,5.0,1.5,0.1,0.5,3.0,0.041,5.0,weekdays,7.0,False,5.0,567,0,0,1.206899642944336,500,3169,380,6.338,1,35
min_entropy,500.0,10,memoryless,4.0,5.0,1.5,0.1,0.5,3.0,0.041,5.0,weekdays,7.0,False,5.0,568,0,0,1.6876726150512695,500,5000,1,10.0,10,10
med_entropy,500.0,10,memoryless,4.0,5.0,1.5,0.1,0.5,3.0,0.041,5.0,weekdays,7.0,False,5.0,569,0,0,1.158226490020752,500,2924,326,5.848,1,27
max_entropy,500.0,10,memoryless,4.0,5.0,1.5,0.1,0.5,3.0,0.041,5.0,weekdays,7.0,False,5.0,570,0,0,1.8635296821594238,500,5661,451,11.322,1,90
min_entropy,500.0,5,memory,4.0,5.0,1.5,0.1,0.5,3.0,0.041,5.0,weekdays,7.0,False,5.0,571,0,0,1.035994291305542,500,2500,1,5.0,5,5
med_entropy,500.0,5,memory,4.0,5.0,1.5,0.1,0.5,3.0,0.041,5.0,weekdays,7.0,False,5.0,572,0,0,30.29892921447754,500,2296,240,4.592,1,22
max_entropy,500.0,5,memory,4.0,5.0,1.5,0.1,0.5,3.0,0.041,5.0,weekdays,7.0,False,5.0,573,0,0,26.288219213485718,500,2928,359,5.856,1,29
min_entropy,500.0,10,memory,4.0,5.0,1.5,0.1,0.5,3.0,0.041,5.0,weekdays,7.0,False,5.0,574,0,0,1.6926383972167969,500,5000,1,10.0,10,10
med_entropy,500.0,10,memory,4.0,5.0,1.5,0.1,0.5,3.0,0.041,5.0,weekdays,7.0,False,5.0,575,0,0,434.49053716659546,500,5273,372,10.546,1,93
